R1_i,R2 net_i,R2 exch_i,R3_i,R4_i,R5_i
99.584,61.831,36.907,18.876,18.876,80.708
99.342,62.771,35.118,18.285,18.285,81.056
99.934,62.388,36.866,18.773,18.773,81.161
99.811,62.757,35.042,18.527,18.527,81.284
99.748,61.201,33.841,19.273,19.273,80.475
99.945,61.648,37.293,19.149,19.149,80.796
99.871,62.48,36.986,18.696,18.696,81.176
100.15,62.629,37.806,18.762,18.762,81.391
99.583,62.195,36.047,18.694,18.694,80.889
99.953,62.477,37.038,18.738,18.738,81.215
100.02,61.936,35.668,19.042,19.042,80.978
99.596,61.702,34.416,18.947,18.947,80.649
99.909,62.052,33.188,18.929,18.929,80.98
100.06,62.33,36.088,18.864,18.864,81.195
99.925,62.571,39.89,18.677,18.677,81.248
99.669,63.038,36.629,18.315,18.315,81.353
99.544,61.854,37.739,18.845,18.845,80.699
99.614,63.004,37.813,18.305,18.305,81.309
99.894,62.192,32.378,18.851,18.851,81.043
99.327,62.348,36.204,18.49,18.49,80.838
99.923,62.091,37.484,18.916,18.916,81.007
100.32,61.895,37.241,19.214,19.214,81.109
99.709,61.626,33.266,19.041,19.041,80.667
99.982,62.133,37.718,18.924,18.924,81.057
99.751,62.228,38.013,18.761,18.761,80.989
99.837,62.389,34.699,18.724,18.724,81.113
99.58,62.089,34.688,18.746,18.746,80.834
99.496,62.43,34.813,18.533,18.533,80.963
99.733,62.185,36.233,18.774,18.774,80.959
99.574,62.063,36.768,18.756,18.756,80.818
100.16,61.737,35.971,19.21,19.21,80.947
99.561,61.436,39.73,19.062,19.062,80.499
100.2,61.629,39.352,19.283,19.283,80.912
99.774,62.076,35.312,18.849,18.849,80.925
100.15,62.138,38.431,19.004,19.004,81.142
99.781,62.268,32.673,18.756,18.756,81.025
100.17,62.195,36.616,18.986,18.986,81.181
100.34,61.196,36.152,19.572,19.572,80.768
99.899,61.63,34.356,19.135,19.135,80.765
99.711,62.758,35.684,18.476,18.476,81.234
99.392,61.623,37.933,18.885,18.885,80.508
100.09,62.089,34.32,19.0,19.0,81.089
99.452,62.322,36.485,18.565,18.565,80.887
99.974,61.227,35.955,19.373,19.373,80.6
100.52,61.687,40.277,19.418,19.418,81.105
99.824,61.557,37.586,19.133,19.133,80.691
100.22,61.89,36.285,19.165,19.165,81.055
99.597,62.26,39.629,18.669,18.669,80.929
99.748,62.42,39.458,18.664,18.664,81.084
100.01,61.506,35.754,19.253,19.253,80.759
99.698,62.711,42.049,18.493,18.493,81.204
99.766,62.108,38.354,18.829,18.829,80.937
99.44,62.285,36.386,18.577,18.577,80.863
100.43,61.169,33.865,19.628,19.628,80.797
100.29,61.7,39.248,19.294,19.294,80.993
99.774,62.431,34.586,18.672,18.672,81.102
100.37,62.49,38.514,18.941,18.941,81.431
100.01,61.959,36.814,19.025,19.025,80.984
100.25,62.074,35.866,19.089,19.089,81.163
99.577,62.658,38.104,18.459,18.459,81.118
100.04,61.678,33.431,19.182,19.182,80.861
100.21,60.936,38.084,19.637,19.637,80.573
99.631,62.491,34.503,18.57,18.57,81.061
100.11,60.922,34.215,19.591,19.591,80.514
99.615,61.957,36.398,18.829,18.829,80.786
99.882,62.297,37.738,18.792,18.792,81.089
99.558,62.357,35.717,18.6,18.6,80.958
99.528,63.031,35.25,18.249,18.249,81.28
99.76,62.369,36.479,18.695,18.695,81.065
99.738,62.589,36.235,18.575,18.575,81.163
99.878,61.955,42.094,18.961,18.961,80.916
99.701,62.311,36.941,18.695,18.695,81.006
99.685,62.954,34.759,18.366,18.366,81.32
99.806,61.928,39.459,18.939,18.939,80.867
99.813,62.68,39.761,18.566,18.566,81.246
99.614,61.968,39.122,18.823,18.823,80.791
99.991,61.604,39.643,19.193,19.193,80.797
99.859,61.902,37.379,18.979,18.979,80.881
99.453,62.887,39.539,18.283,18.283,81.17
99.804,63.039,36.463,18.382,18.382,81.421
100.24,61.374,34.87,19.433,19.433,80.807
99.737,62.425,35.012,18.656,18.656,81.081
100.13,61.144,39.828,19.494,19.494,80.638
99.486,62.988,38.262,18.249,18.249,81.237
99.844,62.125,36.145,18.86,18.86,80.984
99.736,62.491,36.564,18.623,18.623,81.113
99.852,62.188,37.05,18.832,18.832,81.02
100.07,62.014,40.603,19.028,19.028,81.042
99.702,62.427,39.26,18.637,18.637,81.064
99.699,62.67,38.827,18.514,18.514,81.185
99.661,61.495,36.787,19.083,19.083,80.578
99.874,62.412,37.378,18.731,18.731,81.143
99.482,62.443,34.333,18.52,18.52,80.963
99.486,62.454,38.688,18.516,18.516,80.97
99.796,62.326,37.658,18.735,18.735,81.061
99.629,61.598,37.0,19.015,19.015,80.613
100.04,63.281,38.032,18.378,18.378,81.659
99.227,63.149,39.889,18.039,18.039,81.188
99.932,62.98,36.28,18.476,18.476,81.456
99.728,62.174,38.148,18.777,18.777,80.951
99.838,61.504,34.791,19.167,19.167,80.671
99.666,62.34,38.095,18.663,18.663,81.003
99.836,61.989,34.287,18.924,18.924,80.913
99.845,62.707,41.829,18.569,18.569,81.276
99.826,62.553,36.854,18.636,18.636,81.189
99.739,61.919,36.873,18.91,18.91,80.829
99.653,61.994,36.15,18.829,18.829,80.823
100.28,62.201,35.29,19.038,19.038,81.239
99.464,62.083,38.417,18.69,18.69,80.773
99.788,61.838,39.026,18.975,18.975,80.813
100.27,61.177,32.401,19.546,19.546,80.724
100.1,61.964,36.614,19.069,19.069,81.033
99.707,62.144,35.632,18.781,18.781,80.925
100.1,61.09,36.999,19.505,19.505,80.595
99.126,63.084,36.384,18.021,18.021,81.105
99.645,62.33,37.6,18.657,18.657,80.987
99.697,62.86,35.299,18.418,18.418,81.278
99.58,62.158,38.776,18.711,18.711,80.869
99.662,62.954,38.738,18.354,18.354,81.308
100.16,62.369,39.265,18.895,18.895,81.264
99.48,61.196,39.906,19.142,19.142,80.338
100.21,61.194,41.553,19.51,19.51,80.704
100.07,61.439,36.922,19.317,19.317,80.755
99.838,61.774,38.373,19.032,19.032,80.806
100.51,61.402,37.993,19.553,19.553,80.954
100.03,62.515,39.82,18.758,18.758,81.274
99.897,62.148,36.175,18.875,18.875,81.022
99.39,62.654,37.893,18.368,18.368,81.022
100.03,62.2,38.851,18.915,18.915,81.115
100.2,62.015,35.667,19.091,19.091,81.106
99.344,62.865,37.032,18.24,18.24,81.105
100.06,62.342,38.924,18.857,18.857,81.199
100.41,61.125,38.419,19.644,19.644,80.768
99.473,62.528,34.861,18.473,18.473,81.0
100.08,62.178,38.732,18.949,18.949,81.127
99.477,61.776,36.817,18.85,18.85,80.626
100.33,61.041,37.176,19.642,19.642,80.683
99.491,62.001,38.144,18.745,18.745,80.746
100.26,62.158,38.94,19.052,19.052,81.21
100.23,61.775,36.565,19.228,19.228,81.003
99.697,62.099,36.535,18.799,18.799,80.898
99.494,61.998,36.61,18.748,18.748,80.746
99.825,62.26,36.601,18.783,18.783,81.043
99.662,62.777,37.152,18.442,18.442,81.219
99.708,62.409,33.507,18.65,18.65,81.058
99.692,62.902,40.301,18.395,18.395,81.297
99.89,61.731,39.26,19.08,19.08,80.811
100.03,62.439,39.457,18.797,18.797,81.236
99.371,63.303,39.668,18.034,18.034,81.337
99.592,62.157,34.647,18.717,18.717,80.875
100.04,61.623,38.67,19.207,19.207,80.831
100.19,61.037,33.432,19.578,19.578,80.614
99.701,62.122,36.404,18.79,18.79,80.911
100.04,61.186,36.978,19.427,19.427,80.613
100.14,62.314,37.87,18.913,18.913,81.227
99.802,61.672,37.412,19.065,19.065,80.737
100.45,61.897,32.927,19.278,19.278,81.176
99.894,62.247,39.819,18.823,18.823,81.071
99.619,62.028,35.281,18.795,18.795,80.823
99.563,61.356,35.185,19.104,19.104,80.459
100.01,62.187,41.428,18.913,18.913,81.1
100.12,62.164,35.413,18.98,18.98,81.144
100.0,62.271,36.35,18.865,18.865,81.136
99.763,61.91,35.717,18.927,18.927,80.836
99.445,62.706,35.265,18.369,18.369,81.075
99.983,62.048,40.206,18.967,18.967,81.016
100.22,61.793,36.988,19.212,19.212,81.005
99.689,62.734,37.209,18.478,18.478,81.212
99.816,61.828,34.933,18.994,18.994,80.822
99.805,61.981,37.067,18.912,18.912,80.893
99.658,61.792,35.808,18.933,18.933,80.725
99.889,61.186,34.192,19.352,19.352,80.538
99.699,62.332,37.972,18.684,18.684,81.015
99.495,62.364,39.134,18.566,18.566,80.93
99.956,61.744,35.537,19.106,19.106,80.85
100.4,61.657,37.913,19.374,19.374,81.03
99.796,61.637,36.097,19.08,19.08,80.716
100.16,61.788,37.356,19.188,19.188,80.976
100.04,61.325,35.252,19.359,19.359,80.684
99.588,62.669,38.638,18.459,18.459,81.129
100.03,62.154,34.737,18.937,18.937,81.091
99.961,62.016,39.297,18.972,18.972,80.988
99.762,62.397,36.408,18.682,18.682,81.079
99.896,61.724,33.532,19.086,19.086,80.81
99.992,61.65,37.291,19.171,19.171,80.821
100.06,61.597,39.436,19.229,19.229,80.827
99.954,61.75,36.638,19.102,19.102,80.852
100.16,61.935,36.519,19.115,19.115,81.05
99.834,62.103,35.115,18.866,18.866,80.968
99.061,62.055,39.717,18.503,18.503,80.558
100.1,61.793,34.225,19.154,19.154,80.948
100.63,62.339,37.078,19.145,19.145,81.485
99.925,62.352,35.91,18.786,18.786,81.139
100.15,62.071,41.049,19.038,19.038,81.109
99.538,62.316,40.017,18.611,18.611,80.927
99.915,61.993,37.978,18.961,18.961,80.954
100.32,60.482,36.431,19.92,19.92,80.402
99.231,62.699,34.884,18.266,18.266,80.965
99.614,63.227,39.247,18.194,18.194,81.421
100.08,61.774,35.388,19.153,19.153,80.927
99.618,61.893,37.57,18.862,18.862,80.756
99.726,63.141,37.625,18.292,18.292,81.433
99.791,62.954,39.334,18.418,18.418,81.373
99.689,62.276,36.966,18.707,18.707,80.982
99.685,61.26,37.113,19.212,19.212,80.473
100.12,61.789,35.983,19.167,19.167,80.956
100.01,61.579,32.685,19.216,19.216,80.795
99.88,61.915,36.306,18.982,18.982,80.897
99.786,61.852,38.807,18.967,18.967,80.819
100.0,62.087,38.773,18.958,18.958,81.045
99.625,61.763,39.752,18.931,18.931,80.694
99.936,61.006,36.496,19.465,19.465,80.471
99.579,62.428,36.061,18.576,18.576,81.004
99.501,62.359,38.092,18.571,18.571,80.93
100.21,62.251,35.034,18.978,18.978,81.229
99.678,61.81,35.037,18.934,18.934,80.744
100.06,61.801,37.532,19.132,19.132,80.933
99.662,62.67,38.755,18.496,18.496,81.166
99.581,62.169,36.112,18.706,18.706,80.875
100.38,61.64,35.694,19.372,19.372,81.011
99.765,61.849,34.239,18.958,18.958,80.807
99.898,61.87,39.283,19.014,19.014,80.884
99.963,62.309,37.411,18.827,18.827,81.136
100.1,61.79,34.618,19.156,19.156,80.946
99.912,61.497,36.522,19.207,19.207,80.705
99.911,62.336,41.158,18.787,18.787,81.123
99.292,62.99,35.469,18.151,18.151,81.141
99.457,62.562,37.585,18.448,18.448,81.009
99.683,61.995,35.966,18.844,18.844,80.839
99.833,62.272,39.957,18.78,18.78,81.052
100.19,61.814,36.98,19.189,19.189,81.003
99.689,62.941,35.372,18.374,18.374,81.315
99.94,61.304,36.862,19.318,19.318,80.622
100.05,61.613,39.364,19.218,19.218,80.831
100.03,62.191,37.029,18.917,18.917,81.108
100.05,62.035,35.053,19.007,19.007,81.042
99.821,61.573,35.986,19.124,19.124,80.697
99.765,62.203,36.625,18.781,18.781,80.984
100.4,61.971,36.248,19.215,19.215,81.186
99.843,62.058,34.395,18.892,18.892,80.95
99.837,61.521,33.037,19.158,19.158,80.679
99.685,62.09,35.756,18.797,18.797,80.887
100.19,61.986,35.911,19.102,19.102,81.088
99.926,61.791,39.951,19.068,19.068,80.859
99.456,62.165,37.479,18.645,18.645,80.811
100.22,62.474,36.784,18.872,18.872,81.346
99.446,62.583,38.909,18.431,18.431,81.014
99.923,62.48,38.339,18.721,18.721,81.201
100.24,61.432,38.177,19.403,19.403,80.835
99.549,62.907,37.564,18.321,18.321,81.228
99.791,62.499,39.209,18.646,18.646,81.145
100.17,61.912,40.647,19.13,19.13,81.043
99.741,62.364,37.266,18.688,18.688,81.053
99.969,62.0,34.97,18.984,18.984,80.984
100.03,61.652,36.856,19.191,19.191,80.843
99.732,61.791,36.142,18.971,18.971,80.762
100.08,62.317,36.246,18.879,18.879,81.196
99.22,61.387,33.986,18.916,18.916,80.303
99.886,61.598,34.254,19.144,19.144,80.742
99.58,62.464,37.508,18.558,18.558,81.022
99.966,61.912,34.664,19.027,19.027,80.939
99.448,61.69,37.392,18.879,18.879,80.569
99.568,62.062,35.041,18.753,18.753,80.815
99.94,62.744,33.477,18.598,18.598,81.342
99.552,62.294,38.026,18.629,18.629,80.923
99.79,62.803,35.393,18.493,18.493,81.297
99.896,61.866,34.047,19.015,19.015,80.881
99.983,60.887,40.082,19.548,19.548,80.435
100.12,62.074,37.17,19.021,19.021,81.095
100.01,61.396,37.103,19.309,19.309,80.705
99.946,61.323,36.084,19.311,19.311,80.634
100.49,62.08,37.736,19.207,19.207,81.287
99.913,62.065,34.907,18.924,18.924,80.989
100.1,61.709,35.476,19.195,19.195,80.904
100.33,60.97,35.706,19.68,19.68,80.65
99.826,62.519,38.89,18.653,18.653,81.172
99.638,62.304,35.483,18.667,18.667,80.971
99.881,62.384,36.895,18.749,18.749,81.133
99.92,61.656,36.296,19.132,19.132,80.788
99.606,61.676,38.087,18.965,18.965,80.641
99.96,61.655,37.871,19.153,19.153,80.808
99.501,62.617,37.047,18.442,18.442,81.059
99.85,61.638,35.318,19.106,19.106,80.744
99.449,62.804,38.764,18.323,18.323,81.127
99.783,63.148,34.108,18.317,18.317,81.465
99.72,62.206,37.87,18.757,18.757,80.963
99.976,62.205,37.432,18.885,18.885,81.09
100.7,61.877,36.764,19.41,19.41,81.287
99.995,62.106,35.219,18.944,18.944,81.051
99.742,62.091,37.075,18.825,18.825,80.916
99.703,62.124,34.659,18.789,18.789,80.914
100.08,61.353,37.677,19.363,19.363,80.716
99.899,62.17,35.528,18.864,18.864,81.035
99.777,61.232,36.465,19.272,19.272,80.504
100.01,61.874,34.935,19.071,19.071,80.944
100.21,61.788,37.217,19.209,19.209,80.997
99.765,61.738,38.086,19.014,19.014,80.752
100.06,61.815,36.537,19.125,19.125,80.94
99.742,62.373,39.619,18.684,18.684,81.057
99.706,62.258,36.02,18.724,18.724,80.982
99.728,62.037,36.116,18.845,18.845,80.882
99.395,62.088,36.052,18.653,18.653,80.742
100.13,61.069,33.911,19.532,19.532,80.6
99.613,61.684,35.167,18.965,18.965,80.649
99.758,61.713,36.02,19.023,19.023,80.736
99.753,62.17,37.458,18.792,18.792,80.962
99.937,61.736,33.67,19.1,19.1,80.837
99.882,62.331,41.366,18.776,18.776,81.107
99.825,62.504,36.329,18.661,18.661,81.165
100.05,61.728,35.53,19.162,19.162,80.89
99.462,62.129,37.97,18.667,18.667,80.795
99.892,62.26,33.436,18.816,18.816,81.076
99.821,61.069,36.549,19.376,19.376,80.445
99.965,61.263,38.231,19.351,19.351,80.614
99.836,62.498,36.528,18.669,18.669,81.167
99.461,62.307,35.196,18.577,18.577,80.884
99.607,62.406,37.24,18.601,18.601,81.007
99.974,62.472,39.931,18.751,18.751,81.223
100.0,62.077,36.174,18.962,18.962,81.039
99.911,62.732,36.132,18.59,18.59,81.321
99.845,62.267,38.219,18.789,18.789,81.056
99.99,61.655,34.223,19.167,19.167,80.823
99.711,62.655,38.397,18.528,18.528,81.183
99.974,61.899,37.77,19.037,19.037,80.937
99.582,62.314,34.8,18.634,18.634,80.948
100.33,60.628,35.184,19.853,19.853,80.481
99.792,61.83,40.521,18.981,18.981,80.811
99.622,61.903,35.701,18.86,18.86,80.762
100.08,61.937,33.398,19.071,19.071,81.008
100.19,62.082,37.355,19.052,19.052,81.135
99.666,62.648,37.331,18.509,18.509,81.157
99.716,61.832,36.388,18.942,18.942,80.774
99.992,62.012,35.004,18.99,18.99,81.002
99.855,61.531,38.506,19.162,19.162,80.693
100.02,61.276,34.305,19.37,19.37,80.646
99.596,61.981,36.64,18.808,18.808,80.788
99.42,63.031,34.928,18.194,18.194,81.225
99.464,62.846,39.904,18.309,18.309,81.155
99.712,63.571,38.531,18.071,18.071,81.641
100.09,61.729,37.038,19.181,19.181,80.91
100.25,62.71,36.809,18.77,18.77,81.479
100.14,61.79,37.967,19.175,19.175,80.965
99.761,62.177,35.544,18.792,18.792,80.969
99.599,62.456,38.834,18.571,18.571,81.027
100.33,61.61,34.751,19.359,19.359,80.969
99.693,62.305,39.089,18.694,18.694,80.999
99.265,62.722,35.137,18.272,18.272,80.994
99.867,62.695,39.894,18.586,18.586,81.281
99.147,62.631,33.897,18.258,18.258,80.889
99.569,62.16,38.783,18.704,18.704,80.865
99.936,63.118,38.823,18.409,18.409,81.527
99.401,62.485,39.067,18.458,18.458,80.943
99.855,61.84,37.519,19.007,19.007,80.848
100.1,62.42,35.65,18.842,18.842,81.262
99.405,61.684,35.168,18.86,18.86,80.544
99.675,62.439,37.885,18.618,18.618,81.057
99.842,61.847,36.12,18.998,18.998,80.845
99.51,62.549,39.644,18.48,18.48,81.03
99.916,62.453,37.027,18.731,18.731,81.185
99.96,62.27,37.43,18.845,18.845,81.115
100.1,61.551,36.401,19.272,19.272,80.823
99.779,62.292,36.735,18.744,18.744,81.035
100.0,61.523,39.956,19.239,19.239,80.762
99.779,62.747,35.385,18.516,18.516,81.263
100.26,62.2,36.883,19.031,19.031,81.231
99.459,62.659,34.235,18.4,18.4,81.059
100.01,61.219,40.65,19.393,19.393,80.612
99.908,61.886,36.792,19.011,19.011,80.897
100.05,61.792,39.494,19.131,19.131,80.923
100.11,61.866,35.768,19.123,19.123,80.989
99.549,62.569,37.999,18.49,18.49,81.059
99.826,62.468,34.196,18.679,18.679,81.147
99.841,61.802,38.091,19.02,19.02,80.821
99.952,62.036,36.794,18.958,18.958,80.994
100.04,61.708,37.169,19.168,19.168,80.876
99.996,62.44,39.201,18.778,18.778,81.218
100.38,61.827,37.948,19.279,19.279,81.106
99.752,62.287,38.595,18.732,18.732,81.02
100.24,61.975,35.768,19.133,19.133,81.108
99.69,61.977,35.247,18.856,18.856,80.833
99.697,62.468,38.328,18.614,18.614,81.082
100.16,62.235,36.356,18.961,18.961,81.195
100.03,61.759,35.181,19.135,19.135,80.894
99.98,60.632,38.445,19.674,19.674,80.306
100.38,61.523,39.349,19.429,19.429,80.953
99.875,61.64,36.101,19.118,19.118,80.757
99.727,61.632,37.78,19.047,19.047,80.68
99.875,61.366,36.796,19.255,19.255,80.621
99.962,61.901,40.848,19.031,19.031,80.931
100.12,61.96,38.648,19.078,19.078,81.038
100.0,62.622,36.153,18.691,18.691,81.313
99.813,62.113,37.037,18.85,18.85,80.963
100.04,61.65,38.362,19.197,19.197,80.847
100.12,61.21,40.86,19.455,19.455,80.665
100.14,61.201,34.933,19.472,19.472,80.673
100.17,61.92,34.665,19.123,19.123,81.043
99.674,62.487,39.302,18.593,18.593,81.081
100.28,60.905,36.231,19.687,19.687,80.591
99.927,61.492,35.048,19.217,19.217,80.709
99.984,62.243,37.421,18.871,18.871,81.114
99.871,62.797,36.252,18.537,18.537,81.334
99.328,62.618,36.913,18.355,18.355,80.973
100.16,60.847,37.972,19.655,19.655,80.502
100.3,61.77,36.517,19.263,19.263,81.033
99.861,61.631,36.266,19.115,19.115,80.746
99.807,62.12,36.127,18.844,18.844,80.964
99.917,61.822,37.734,19.047,19.047,80.87
99.572,62.733,35.826,18.42,18.42,81.153
100.4,61.903,34.824,19.247,19.247,81.15
100.05,61.343,38.033,19.355,19.355,80.698
100.02,61.871,35.241,19.074,19.074,80.946
99.838,61.982,37.642,18.928,18.928,80.91
99.794,62.435,37.84,18.679,18.679,81.115
100.28,61.595,36.792,19.344,19.344,80.939
100.12,61.406,34.864,19.358,19.358,80.764
99.639,62.879,36.894,18.38,18.38,81.259
99.614,62.064,37.403,18.775,18.775,80.839
99.469,62.113,37.879,18.678,18.678,80.791
99.806,62.509,38.066,18.649,18.649,81.157
99.951,61.689,37.076,19.131,19.131,80.82
100.22,62.167,40.258,19.025,19.025,81.192
99.332,62.359,35.793,18.486,18.486,80.845
100.1,61.974,35.981,19.062,19.062,81.036
100.08,62.174,39.312,18.953,18.953,81.127
99.963,61.953,36.125,19.005,19.005,80.958
100.26,61.686,37.926,19.287,19.287,80.973
99.507,61.641,36.566,18.933,18.933,80.574
99.819,62.251,35.626,18.784,18.784,81.035
100.19,62.323,36.462,18.931,18.931,81.254
99.571,62.019,35.534,18.776,18.776,80.795
99.703,62.551,38.503,18.576,18.576,81.127
99.72,62.436,37.285,18.642,18.642,81.078
99.79,61.72,36.139,19.035,19.035,80.755
99.543,61.639,37.921,18.952,18.952,80.591
99.575,62.686,38.381,18.444,18.444,81.131
99.957,61.472,37.627,19.243,19.243,80.715
100.02,62.098,35.946,18.96,18.96,81.057
100.11,61.816,38.659,19.148,19.148,80.965
99.683,62.229,36.953,18.727,18.727,80.956
99.737,61.992,37.529,18.873,18.873,80.865
99.917,61.881,36.074,19.018,19.018,80.899
99.821,62.553,38.172,18.634,18.634,81.187
99.839,61.943,39.409,18.948,18.948,80.891
99.821,61.809,37.19,19.006,19.006,80.815
100.19,62.7,39.359,18.746,18.746,81.446
100.14,61.891,34.291,19.123,19.123,81.013
99.748,62.158,34.897,18.795,18.795,80.953
100.16,61.745,37.108,19.21,19.21,80.955
99.793,61.765,34.517,19.014,19.014,80.779
99.757,62.221,34.393,18.768,18.768,80.989
99.688,62.065,39.065,18.812,18.812,80.876
100.42,61.094,35.624,19.664,19.664,80.758
99.765,62.156,40.703,18.804,18.804,80.961
99.93,61.288,37.795,19.321,19.321,80.609
100.35,62.385,37.558,18.984,18.984,81.369
100.22,61.955,37.035,19.132,19.132,81.087
99.568,61.591,38.643,18.988,18.988,80.579
99.353,62.751,34.856,18.301,18.301,81.052
99.857,61.703,38.25,19.077,19.077,80.78
100.06,61.894,38.978,19.083,19.083,80.977
99.048,62.537,38.373,18.256,18.256,80.793
99.732,62.328,37.468,18.702,18.702,81.03
99.802,61.912,38.688,18.945,18.945,80.857
100.06,62.118,36.36,18.969,18.969,81.087
99.167,62.83,37.659,18.169,18.169,80.998
99.931,61.751,34.715,19.09,19.09,80.841
100.07,61.653,40.952,19.211,19.211,80.864
99.57,62.272,35.087,18.649,18.649,80.921
100.15,62.405,36.637,18.871,18.871,81.276
99.399,62.48,41.413,18.46,18.46,80.939
100.13,61.722,38.989,19.204,19.204,80.925
99.848,62.551,37.472,18.649,18.649,81.199
99.36,63.254,38.119,18.053,18.053,81.307
100.04,61.898,39.774,19.069,19.069,80.967
99.898,62.194,36.252,18.852,18.852,81.046
99.897,61.894,33.263,19.002,19.002,80.896
99.773,62.219,36.21,18.777,18.777,80.996
99.78,62.02,39.918,18.88,18.88,80.9
99.668,61.607,36.871,19.031,19.031,80.638
99.435,62.103,37.494,18.666,18.666,80.769
100.19,61.064,40.956,19.561,19.561,80.625
99.928,61.142,37.25,19.393,19.393,80.535
99.862,61.484,35.597,19.189,19.189,80.673
100.2,61.836,35.604,19.18,19.18,81.017
99.886,62.658,37.888,18.614,18.614,81.272
99.948,61.703,39.235,19.122,19.122,80.826
99.616,61.69,38.356,18.963,18.963,80.653
99.649,61.755,36.907,18.947,18.947,80.702
99.955,62.461,35.475,18.747,18.747,81.208
99.757,62.458,36.553,18.65,18.65,81.108
99.957,61.836,37.845,19.06,19.06,80.897
99.554,62.151,36.244,18.702,18.702,80.852
100.02,61.904,40.64,19.058,19.058,80.962
99.86,62.294,34.483,18.783,18.783,81.077
99.707,62.337,38.812,18.685,18.685,81.022
99.911,61.739,38.579,19.086,19.086,80.825
99.743,61.863,37.248,18.94,18.94,80.803
100.1,61.91,40.3,19.097,19.097,81.007
99.487,61.641,37.203,18.923,18.923,80.564
99.552,62.923,38.159,18.314,18.314,81.238
99.798,62.504,37.015,18.647,18.647,81.151
99.556,62.339,38.464,18.609,18.609,80.947
99.926,62.072,36.317,18.927,18.927,80.999
99.614,62.467,39.358,18.574,18.574,81.04
100.21,62.04,40.993,19.084,19.084,81.123
99.752,62.673,39.243,18.54,18.54,81.213
99.855,61.791,35.382,19.032,19.032,80.823
100.01,61.895,37.467,19.059,19.059,80.954
99.918,62.097,37.054,18.911,18.911,81.007
99.696,62.334,34.879,18.681,18.681,81.015
99.485,62.487,37.202,18.499,18.499,80.986
99.693,61.403,35.783,19.145,19.145,80.548
99.863,62.464,38.341,18.699,18.699,81.164
99.762,61.909,39.223,18.927,18.927,80.836
99.726,61.571,38.402,19.078,19.078,80.648
99.985,61.836,39.87,19.075,19.075,80.91
100.01,62.161,35.102,18.924,18.924,81.084
100.14,62.083,35.205,19.03,19.03,81.112
99.809,61.272,36.308,19.269,19.269,80.54
100.05,62.046,36.132,19.001,19.001,81.048
99.949,61.906,36.786,19.022,19.022,80.928
99.795,61.753,34.675,19.021,19.021,80.774
100.14,61.864,34.52,19.139,19.139,81.003
99.887,61.484,37.716,19.202,19.202,80.685
99.729,62.741,35.553,18.494,18.494,81.235
100.05,61.995,38.984,19.03,19.03,81.025
99.495,62.248,34.874,18.624,18.624,80.871
100.09,61.457,39.727,19.319,19.319,80.776
100.2,62.17,38.465,19.015,19.015,81.185
99.65,62.441,41.91,18.604,18.604,81.045
100.04,61.476,39.209,19.281,19.281,80.758
100.08,61.971,40.071,19.054,19.054,81.025
99.942,62.372,34.203,18.785,18.785,81.157
99.841,62.111,40.321,18.865,18.865,80.976
100.05,62.165,35.214,18.943,18.943,81.107
100.04,61.764,38.368,19.138,19.138,80.902
99.876,62.208,36.398,18.834,18.834,81.042
99.955,61.219,37.79,19.368,19.368,80.587
99.477,62.09,36.722,18.693,18.693,80.783
99.934,61.765,37.036,19.084,19.084,80.849
99.735,62.115,37.145,18.81,18.81,80.925
100.02,62.408,36.78,18.805,18.805,81.213
99.918,62.001,37.588,18.959,18.959,80.959
99.75,61.943,40.525,18.903,18.903,80.846
99.339,62.566,39.248,18.386,18.386,80.952
99.536,62.301,39.18,18.618,18.618,80.918
99.357,62.711,37.811,18.323,18.323,81.034
99.688,61.191,39.775,19.248,19.248,80.44
99.627,62.955,40.316,18.336,18.336,81.291
99.803,61.833,35.973,18.985,18.985,80.818
99.826,62.066,36.575,18.88,18.88,80.946
99.99,61.577,38.586,19.207,19.207,80.784
100.11,61.855,42.75,19.125,19.125,80.981
99.371,63.103,36.758,18.134,18.134,81.237
99.674,62.352,36.473,18.661,18.661,81.013
100.15,61.639,38.998,19.256,19.256,80.895
99.95,62.183,36.335,18.884,18.884,81.066
99.873,61.783,38.58,19.045,19.045,80.828
100.08,61.103,33.989,19.49,19.49,80.593
100.31,61.5,39.225,19.403,19.403,80.903
99.69,62.243,38.32,18.724,18.724,80.967
99.841,62.561,35.948,18.64,18.64,81.201
99.796,63.197,37.003,18.3,18.3,81.496
100.06,61.127,39.543,19.468,19.468,80.594
99.357,62.613,33.043,18.372,18.372,80.985
99.598,62.139,36.197,18.729,18.729,80.868
99.978,61.843,41.62,19.068,19.068,80.91
99.685,62.679,38.274,18.503,18.503,81.182
99.714,62.214,37.065,18.75,18.75,80.964
99.684,63.047,34.047,18.318,18.318,81.365
100.4,61.631,39.342,19.386,19.386,81.017
99.996,62.326,37.092,18.835,18.835,81.161
99.899,61.802,33.551,19.049,19.049,80.85
99.449,62.303,38.394,18.573,18.573,80.876
99.984,61.533,38.997,19.225,19.225,80.759
99.96,61.803,34.441,19.079,19.079,80.881
99.955,61.897,37.055,19.029,19.029,80.926
99.683,62.875,40.288,18.404,18.404,81.279
99.996,61.715,36.257,19.14,19.14,80.856
99.893,61.849,37.864,19.022,19.022,80.871
99.995,62.466,37.338,18.764,18.764,81.23
99.583,62.192,36.003,18.696,18.696,80.887
99.486,62.325,37.948,18.581,18.581,80.905
99.867,60.653,34.832,19.607,19.607,80.26
100.05,61.775,36.673,19.139,19.139,80.914
99.97,61.664,38.893,19.153,19.153,80.817
100.07,61.988,35.877,19.04,19.04,81.028
99.585,61.964,35.366,18.81,18.81,80.775
100.15,61.14,36.828,19.507,19.507,80.647
99.621,61.425,37.803,19.098,19.098,80.523
100.24,61.119,36.971,19.559,19.559,80.679
99.321,62.444,38.935,18.438,18.438,80.882
99.989,62.026,36.999,18.982,18.982,81.008
100.12,61.537,36.109,19.293,19.293,80.83
100.02,62.081,36.383,18.971,18.971,81.052
100.25,62.002,39.513,19.123,19.123,81.124
99.565,62.176,37.091,18.695,18.695,80.871
99.765,62.212,37.205,18.777,18.777,80.988
99.498,63.051,39.349,18.224,18.224,81.274
99.951,61.633,36.175,19.159,19.159,80.792
100.03,61.225,38.765,19.402,19.402,80.627
99.788,61.385,38.582,19.202,19.202,80.586
100.04,62.061,33.618,18.989,18.989,81.049
100.42,61.593,37.507,19.414,19.414,81.006
99.594,62.882,36.113,18.356,18.356,81.238
99.925,62.133,34.363,18.896,18.896,81.029
99.315,62.964,32.411,18.176,18.176,81.139
99.605,62.942,35.788,18.332,18.332,81.273
99.731,62.19,40.177,18.77,18.77,80.961
99.891,61.696,40.268,19.097,19.097,80.794
99.606,62.551,39.133,18.527,18.527,81.078
99.429,62.036,39.018,18.696,18.696,80.733
99.882,62.141,37.834,18.87,18.87,81.011
99.439,62.254,37.245,18.593,18.593,80.847
99.459,63.021,33.938,18.219,18.219,81.24
100.26,61.374,37.512,19.443,19.443,80.817
99.632,63.204,36.509,18.214,18.214,81.418
99.793,61.738,37.957,19.027,19.027,80.766
100.25,61.643,36.898,19.302,19.302,80.945
100.05,62.106,38.959,18.97,18.97,81.076
99.683,61.643,34.246,19.02,19.02,80.663
100.01,62.727,38.783,18.641,18.641,81.368
99.819,62.619,39.942,18.6,18.6,81.219
99.908,61.86,37.822,19.024,19.024,80.884
99.934,62.273,36.787,18.83,18.83,81.103
100.09,62.38,34.849,18.858,18.858,81.237
99.794,62.892,40.834,18.451,18.451,81.343
100.11,62.093,36.125,19.01,19.01,81.103
99.794,62.121,39.156,18.836,18.836,80.957
99.755,62.372,37.177,18.691,18.691,81.064
99.567,62.726,36.58,18.42,18.42,81.146
99.657,62.25,34.881,18.703,18.703,80.954
99.771,62.39,36.443,18.691,18.691,81.081
100.07,61.811,37.249,19.132,19.132,80.943
99.969,61.639,37.012,19.165,19.165,80.804
99.709,62.155,37.278,18.777,18.777,80.932
100.14,62.075,36.892,19.03,19.03,81.105
99.488,61.943,37.135,18.772,18.772,80.715
100.06,61.498,35.181,19.281,19.281,80.778
99.739,62.544,38.403,18.598,18.598,81.142
99.746,62.24,37.712,18.753,18.753,80.993
99.881,61.277,33.435,19.302,19.302,80.579
100.23,62.012,39.291,19.11,19.11,81.122
99.897,62.44,35.189,18.729,18.729,81.168
99.509,62.948,38.863,18.281,18.281,81.229
100.14,61.952,36.832,19.095,19.095,81.047
99.957,61.953,37.729,19.002,19.002,80.955
99.671,62.699,40.688,18.486,18.486,81.185
100.0,62.336,37.703,18.834,18.834,81.171
99.828,62.386,38.876,18.721,18.721,81.107
99.939,62.354,36.347,18.793,18.793,81.147
100.2,62.126,37.086,19.039,19.039,81.165
99.882,61.438,36.151,19.222,19.222,80.66
100.52,61.318,38.122,19.599,19.599,80.917
100.03,62.089,40.589,18.971,18.971,81.06
99.919,61.777,36.413,19.071,19.071,80.848
99.727,62.153,39.723,18.787,18.787,80.94
100.49,61.791,40.007,19.351,19.351,81.141
99.948,62.53,37.081,18.709,18.709,81.239
99.825,62.431,37.42,18.697,18.697,81.128
99.462,62.908,38.462,18.277,18.277,81.185
99.937,62.206,37.227,18.865,18.865,81.071
100.09,62.022,39.835,19.032,19.032,81.054
99.814,62.718,38.27,18.548,18.548,81.266
99.399,63.209,39.634,18.095,18.095,81.304
99.556,62.323,39.799,18.617,18.617,80.94
99.944,61.161,37.245,19.392,19.392,80.553
100.03,61.633,38.209,19.199,19.199,80.832
100.16,62.06,35.743,19.05,19.05,81.11
100.06,62.449,34.995,18.804,18.804,81.253
100.53,61.49,39.045,19.52,19.52,81.01
99.811,61.253,38.488,19.279,19.279,80.532
100.02,62.029,35.833,18.997,18.997,81.025
99.742,62.246,36.653,18.748,18.748,80.994
99.816,62.541,39.514,18.637,18.637,81.178
99.617,62.409,35.405,18.604,18.604,81.013
99.479,62.88,39.677,18.299,18.299,81.179
99.764,61.561,36.194,19.102,19.102,80.663
99.963,62.376,35.873,18.793,18.793,81.17
99.776,61.276,37.62,19.25,19.25,80.526
99.776,62.147,41.881,18.815,18.815,80.961
99.442,62.601,37.936,18.421,18.421,81.021
100.39,61.416,34.231,19.485,19.485,80.901
99.678,61.615,38.493,19.032,19.032,80.647
99.727,62.665,37.822,18.531,18.531,81.196
99.989,61.895,37.33,19.047,19.047,80.942
99.738,62.019,36.272,18.859,18.859,80.879
99.827,61.905,35.028,18.961,18.961,80.866
99.909,62.101,40.671,18.904,18.904,81.005
100.36,61.992,37.463,19.184,19.184,81.175
99.637,62.667,36.819,18.485,18.485,81.152
100.08,61.952,36.305,19.063,19.063,81.015
100.01,61.715,38.807,19.148,19.148,80.863
99.685,61.928,35.938,18.879,18.879,80.807
100.04,61.141,34.895,19.448,19.448,80.588
99.885,62.494,34.907,18.696,18.696,81.19
99.81,61.866,37.986,18.972,18.972,80.838
99.838,62.453,37.604,18.693,18.693,81.146
100.12,61.872,40.771,19.124,19.124,80.996
100.15,61.819,34.984,19.167,19.167,80.986
99.635,62.199,37.333,18.718,18.718,80.917
99.816,62.407,37.588,18.704,18.704,81.112
99.841,61.976,36.506,18.932,18.932,80.909
99.89,61.759,35.99,19.066,19.066,80.824
99.714,62.639,36.787,18.538,18.538,81.177
99.774,61.728,36.549,19.023,19.023,80.751
100.17,61.519,37.61,19.327,19.327,80.847
99.88,62.646,32.873,18.617,18.617,81.263
100.13,61.093,39.768,19.516,19.516,80.609
100.1,61.61,39.008,19.246,19.246,80.856
100.04,61.865,38.518,19.088,19.088,80.953
100.27,61.152,37.52,19.558,19.558,80.71
99.791,62.344,36.79,18.723,18.723,81.067
99.702,61.68,37.901,19.011,19.011,80.691
99.676,61.113,39.699,19.281,19.281,80.394
100.34,61.694,38.583,19.322,19.322,81.017
99.299,62.475,37.849,18.412,18.412,80.887
99.472,61.872,40.089,18.8,18.8,80.672
100.07,62.198,36.609,18.935,18.935,81.133
100.08,61.667,37.422,19.208,19.208,80.874
99.732,63.116,34.048,18.308,18.308,81.424
100.19,62.279,41.587,18.958,18.958,81.237
99.947,61.445,35.833,19.251,19.251,80.696
100.11,61.671,36.417,19.222,19.222,80.892
99.676,61.654,36.501,19.011,19.011,80.665
99.432,61.895,39.778,18.769,18.769,80.663
100.09,62.616,35.17,18.739,18.739,81.355
100.22,61.506,34.619,19.358,19.358,80.865
99.036,63.273,38.359,17.882,17.882,81.155
100.13,61.832,36.149,19.149,19.149,80.981
100.0,62.448,38.025,18.777,18.777,81.226
99.96,61.908,37.592,19.026,19.026,80.934
99.993,61.733,34.964,19.13,19.13,80.863
99.735,62.527,34.69,18.604,18.604,81.131
99.835,62.439,39.942,18.698,18.698,81.137
99.904,63.039,35.051,18.432,18.432,81.472
100.17,62.148,36.344,19.011,19.011,81.159
100.19,61.389,37.535,19.402,19.402,80.792
99.886,62.15,33.82,18.868,18.868,81.018
99.96,61.536,39.125,19.212,19.212,80.748
99.735,62.551,37.472,18.592,18.592,81.143
99.621,62.29,36.127,18.666,18.666,80.956
99.855,62.34,33.336,18.757,18.757,81.098
99.77,61.925,37.555,18.922,18.922,80.847
100.08,61.949,38.924,19.064,19.064,81.013
100.31,61.22,40.195,19.543,19.543,80.763
100.03,62.196,37.712,18.918,18.918,81.114
99.513,62.165,39.018,18.674,18.674,80.839
100.47,60.89,36.167,19.788,19.788,80.678
100.07,61.589,37.017,19.242,19.242,80.831
99.828,61.74,37.924,19.044,19.044,80.784
99.476,62.193,36.368,18.642,18.642,80.834
99.826,61.522,37.514,19.152,19.152,80.674
99.91,61.251,37.538,19.33,19.33,80.581
99.649,62.548,36.67,18.55,18.55,81.098
99.875,62.041,35.336,18.917,18.917,80.958
99.692,61.833,37.142,18.93,18.93,80.763
99.686,61.814,39.527,18.936,18.936,80.75
99.88,61.78,38.898,19.05,19.05,80.83
100.13,61.565,36.167,19.28,19.28,80.845
100.04,62.158,35.589,18.942,18.942,81.1
99.893,61.881,34.164,19.006,19.006,80.887
100.03,61.69,37.161,19.168,19.168,80.858
99.935,61.734,35.747,19.1,19.1,80.834
99.836,62.174,34.282,18.831,18.831,81.005
99.856,62.121,40.935,18.867,18.867,80.989
99.604,62.506,35.396,18.549,18.549,81.055
100.23,61.288,35.065,19.473,19.473,80.761
99.883,62.496,37.709,18.693,18.693,81.19
99.813,62.058,37.846,18.878,18.878,80.935
99.88,61.9,38.806,18.99,18.99,80.89
99.775,62.375,35.495,18.7,18.7,81.075
99.572,62.238,38.222,18.667,18.667,80.905
100.07,60.857,36.84,19.606,19.606,80.463
100.38,61.612,36.449,19.382,19.382,80.994
99.861,61.931,36.565,18.965,18.965,80.896
99.805,61.858,36.647,18.973,18.973,80.831
99.808,61.974,35.921,18.917,18.917,80.891
99.619,63.097,37.112,18.261,18.261,81.358
99.565,62.165,36.795,18.7,18.7,80.865
99.634,61.178,36.158,19.228,19.228,80.406
99.419,62.461,36.771,18.479,18.479,80.94
99.82,62.144,35.122,18.838,18.838,80.982
99.693,62.404,35.659,18.645,18.645,81.049
99.784,62.105,36.888,18.84,18.84,80.945
99.851,62.161,36.217,18.845,18.845,81.006
99.397,61.702,39.008,18.848,18.848,80.55
99.657,62.651,34.354,18.503,18.503,81.154
100.09,62.283,35.411,18.902,18.902,81.185
99.411,62.479,35.781,18.466,18.466,80.945
99.677,62.116,36.742,18.78,18.78,80.897
99.795,63.037,39.759,18.379,18.379,81.416
99.36,63.539,35.208,17.911,17.911,81.45
100.16,62.641,35.998,18.76,18.76,81.401
99.418,62.579,33.337,18.42,18.42,80.999
99.282,62.984,38.51,18.149,18.149,81.133
100.11,61.752,35.787,19.181,19.181,80.933
100.17,61.991,36.324,19.09,19.09,81.081
99.516,62.307,39.941,18.605,18.605,80.911
100.31,61.801,36.102,19.255,19.255,81.056
100.16,61.87,40.015,19.143,19.143,81.012
99.833,62.075,37.954,18.879,18.879,80.954
99.557,61.953,34.947,18.802,18.802,80.755
100.02,62.278,32.564,18.869,18.869,81.147
99.972,61.916,38.899,19.028,19.028,80.944
99.635,61.904,36.65,18.865,18.865,80.769
99.921,62.006,37.687,18.957,18.957,80.963
99.85,61.712,37.938,19.069,19.069,80.781
99.761,62.125,35.173,18.818,18.818,80.943
99.653,62.221,38.794,18.716,18.716,80.937
99.776,62.052,33.967,18.862,18.862,80.914
100.22,61.56,36.607,19.328,19.328,80.888
99.661,62.126,35.61,18.768,18.768,80.894
100.2,62.951,38.424,18.625,18.625,81.576
99.82,61.769,36.967,19.025,19.025,80.794
99.805,61.636,33.837,19.085,19.085,80.72
99.77,62.718,34.864,18.526,18.526,81.244
99.885,61.956,39.139,18.965,18.965,80.921
99.424,62.079,39.117,18.673,18.673,80.751
99.962,61.921,37.236,19.02,19.02,80.941
100.13,60.904,35.264,19.611,19.611,80.515
99.753,61.797,36.948,18.978,18.978,80.775
100.03,61.616,41.033,19.209,19.209,80.825
99.971,62.186,38.763,18.892,18.892,81.078
99.647,62.165,36.605,18.741,18.741,80.906
99.793,62.351,35.995,18.721,18.721,81.072
99.815,62.92,40.98,18.447,18.447,81.368
99.792,62.453,35.627,18.67,18.67,81.122
99.838,61.693,37.6,19.072,19.072,80.766
99.975,62.057,39.288,18.959,18.959,81.016
100.24,61.719,38.488,19.259,19.259,80.978
99.964,61.953,37.516,19.006,19.006,80.958
99.376,62.712,34.73,18.332,18.332,81.044
100.11,61.126,37.203,19.493,19.493,80.619
99.922,62.053,39.064,18.935,18.935,80.987
99.339,63.016,36.486,18.161,18.161,81.177
99.717,62.069,36.414,18.824,18.824,80.893
99.478,62.645,38.668,18.417,18.417,81.061
100.01,61.554,37.654,19.226,19.226,80.78
100.12,62.01,38.644,19.055,19.055,81.065
99.462,62.309,37.283,18.576,18.576,80.885
99.922,62.612,35.879,18.655,18.655,81.267
99.855,60.864,37.841,19.496,19.496,80.359
99.578,63.074,34.01,18.252,18.252,81.326
100.4,61.107,35.929,19.648,19.648,80.755
100.23,61.523,36.112,19.355,19.355,80.878
100.21,61.738,35.819,19.235,19.235,80.973
100.14,61.692,40.029,19.224,19.224,80.916
99.702,61.954,37.573,18.874,18.874,80.828
99.971,62.417,37.238,18.777,18.777,81.194
99.93,62.492,37.332,18.719,18.719,81.211
99.901,62.612,37.501,18.644,18.644,81.256
100.11,61.707,37.223,19.203,19.203,80.91
99.834,61.878,38.089,18.978,18.978,80.856
100.04,62.701,39.074,18.671,18.671,81.371
100.05,62.077,34.466,18.987,18.987,81.064
99.957,61.483,33.337,19.237,19.237,80.72
99.745,61.92,34.265,18.912,18.912,80.833
100.0,61.068,36.882,19.467,19.467,80.535
99.781,62.278,36.932,18.752,18.752,81.03
100.0,62.047,34.817,18.978,18.978,81.024
99.936,62.388,38.334,18.774,18.774,81.162
99.31,62.373,37.139,18.468,18.468,80.841
100.02,61.495,36.566,19.261,19.261,80.756
99.665,61.822,35.091,18.922,18.922,80.743
99.838,62.425,36.825,18.706,18.706,81.131
100.08,62.342,35.496,18.869,18.869,81.211
99.856,62.044,37.294,18.906,18.906,80.95
100.3,62.543,37.361,18.876,18.876,81.419
99.763,62.281,36.882,18.741,18.741,81.022
99.685,62.624,37.401,18.53,18.53,81.154
100.16,61.745,37.743,19.207,19.207,80.952
99.806,62.085,35.736,18.861,18.861,80.945
99.752,62.052,34.782,18.85,18.85,80.902
99.68,62.12,34.725,18.78,18.78,80.9
99.722,61.772,38.231,18.975,18.975,80.747
99.872,63.171,35.926,18.351,18.351,81.521
99.562,61.989,38.625,18.787,18.787,80.776
99.891,60.993,43.196,19.449,19.449,80.442
99.466,62.338,37.314,18.564,18.564,80.902
100.11,61.932,38.62,19.089,19.089,81.021
99.911,62.437,35.392,18.737,18.737,81.174
99.702,62.173,34.479,18.765,18.765,80.937
99.193,61.762,36.713,18.716,18.716,80.477
99.885,62.106,35.673,18.889,18.889,80.996
99.56,63.555,41.838,18.003,18.003,81.557
99.476,62.219,36.351,18.628,18.628,80.847
99.531,61.947,37.056,18.792,18.792,80.739
99.413,62.18,35.875,18.616,18.616,80.796
99.894,62.215,37.052,18.839,18.839,81.054
99.629,61.982,40.098,18.824,18.824,80.805
99.732,62.053,38.849,18.84,18.84,80.892
99.876,62.267,39.24,18.805,18.805,81.072
99.75,61.709,36.845,19.021,19.021,80.73
99.959,61.812,38.074,19.074,19.074,80.885
99.85,61.775,37.192,19.038,19.038,80.812
99.479,63.17,37.76,18.154,18.154,81.324
100.01,61.621,38.384,19.196,19.196,80.817
100.18,61.211,39.2,19.487,19.487,80.697
99.753,61.63,37.342,19.061,19.061,80.691
99.898,61.414,38.652,19.242,19.242,80.656
100.03,61.932,40.362,19.048,19.048,80.98
99.534,62.536,38.949,18.499,18.499,81.035
100.29,61.08,38.625,19.604,19.604,80.684
99.526,62.231,38.883,18.647,18.647,80.879
99.855,62.109,35.545,18.873,18.873,80.982
99.987,62.026,33.323,18.98,18.98,81.006
99.853,62.384,35.311,18.735,18.735,81.118
99.562,61.55,36.51,19.006,19.006,80.556
99.821,62.205,37.447,18.808,18.808,81.013
99.787,62.143,39.743,18.822,18.822,80.965
100.24,62.269,37.389,18.986,18.986,81.255
100.33,61.851,35.379,19.241,19.241,81.092
99.783,62.397,40.085,18.693,18.693,81.09
99.939,61.593,35.057,19.173,19.173,80.766
100.44,62.247,35.873,19.098,19.098,81.345
99.491,61.893,35.896,18.799,18.799,80.692
100.19,62.016,34.511,19.089,19.089,81.105
100.04,61.839,40.158,19.1,19.1,80.939
99.792,61.389,36.814,19.201,19.201,80.591
100.33,61.721,37.002,19.306,19.306,81.027
99.949,61.848,37.059,19.051,19.051,80.899
99.29,62.617,38.711,18.336,18.336,80.953
99.961,61.931,36.789,19.015,19.015,80.946
99.775,61.947,36.743,18.914,18.914,80.861
99.818,62.417,40.757,18.701,18.701,81.118
99.787,62.095,37.884,18.846,18.846,80.941
99.634,62.017,38.033,18.808,18.808,80.826
100.09,61.697,35.17,19.196,19.196,80.893
100.17,61.494,37.517,19.34,19.34,80.834
100.13,61.278,40.967,19.426,19.426,80.704
99.751,62.592,33.611,18.58,18.58,81.172
99.852,62.047,36.653,18.903,18.903,80.949
99.769,62.069,39.724,18.85,18.85,80.919
99.963,62.354,33.487,18.805,18.805,81.159
99.709,61.97,37.257,18.869,18.869,80.84
99.767,61.953,38.18,18.907,18.907,80.86
99.498,61.683,36.451,18.908,18.908,80.591
99.582,62.492,33.629,18.545,18.545,81.037
99.618,62.052,35.621,18.783,18.783,80.835
100.02,61.803,36.306,19.109,19.109,80.912
99.308,62.645,35.523,18.331,18.331,80.976
99.36,62.0,39.124,18.68,18.68,80.68
100.04,62.193,33.349,18.924,18.924,81.117
99.746,61.651,37.485,19.047,19.047,80.699
99.693,62.756,34.365,18.468,18.468,81.225
99.943,62.655,36.057,18.644,18.644,81.299
99.603,61.782,35.65,18.911,18.911,80.692
99.539,61.934,39.839,18.802,18.802,80.737
99.876,61.658,36.328,19.109,19.109,80.767
99.697,62.065,36.863,18.816,18.816,80.881
100.19,62.063,37.251,19.064,19.064,81.126
99.911,62.235,36.397,18.838,18.838,81.073
100.1,61.66,38.413,19.222,19.222,80.882
99.84,62.008,36.641,18.916,18.916,80.924
99.018,63.502,35.837,17.758,17.758,81.26
99.339,63.17,34.571,18.084,18.084,81.255
99.911,61.703,38.027,19.104,19.104,80.807
99.836,62.282,39.183,18.777,18.777,81.059
100.12,61.458,37.167,19.331,19.331,80.789
99.863,61.429,40.25,19.217,19.217,80.646
99.747,61.582,37.244,19.083,19.083,80.665
100.32,61.546,36.481,19.385,19.385,80.931
99.987,61.838,34.05,19.075,19.075,80.912
99.826,62.294,37.279,18.766,18.766,81.06
99.987,61.847,35.639,19.07,19.07,80.917
99.314,62.478,35.2,18.418,18.418,80.896
99.223,63.071,41.186,18.076,18.076,81.147
100.12,60.551,36.184,19.786,19.786,80.337
99.304,62.421,37.799,18.441,18.441,80.862
99.964,61.751,37.396,19.106,19.106,80.857
99.948,61.799,36.208,19.075,19.075,80.873
100.0,61.959,38.209,19.023,19.023,80.982
99.635,61.987,35.649,18.824,18.824,80.811
100.12,61.117,40.986,19.503,19.503,80.621
100.1,62.852,35.158,18.626,18.626,81.478
100.11,61.45,36.422,19.33,19.33,80.78
99.672,62.649,39.225,18.512,18.512,81.16
100.07,62.011,36.392,19.029,19.029,81.04
99.485,61.958,39.816,18.763,18.763,80.721
99.848,61.878,32.628,18.985,18.985,80.863
99.68,62.834,39.121,18.423,18.423,81.257
100.26,62.551,36.21,18.852,18.852,81.403
100.4,61.7,36.33,19.348,19.348,81.048
99.583,61.958,35.766,18.813,18.813,80.771
99.948,61.316,34.054,19.316,19.316,80.632
100.34,61.439,39.566,19.45,19.45,80.889
99.531,61.741,37.575,18.895,18.895,80.636
99.96,62.097,36.621,18.932,18.932,81.028
99.739,61.346,37.171,19.197,19.197,80.542
99.809,62.066,37.935,18.871,18.871,80.937
99.844,62.33,38.226,18.757,18.757,81.087
100.11,61.804,34.324,19.152,19.152,80.956
99.807,61.949,38.464,18.929,18.929,80.878
99.869,62.373,36.559,18.748,18.748,81.121
99.868,61.472,34.311,19.198,19.198,80.67
99.667,62.811,39.72,18.428,18.428,81.239
100.13,61.783,36.206,19.174,19.174,80.957
99.957,62.307,39.429,18.825,18.825,81.132
99.911,61.321,35.574,19.295,19.295,80.616
100.07,62.336,34.59,18.867,18.867,81.203
99.774,61.762,37.235,19.006,19.006,80.768
99.612,62.246,37.721,18.683,18.683,80.929
100.2,61.856,38.86,19.171,19.171,81.027
99.808,61.17,39.068,19.319,19.319,80.489
99.89,62.243,36.479,18.824,18.824,81.067
100.05,61.833,37.385,19.108,19.108,80.94
100.06,61.011,33.478,19.525,19.525,80.536
100.12,61.92,35.257,19.1,19.1,81.021
100.11,62.246,34.395,18.932,18.932,81.178
99.373,62.19,36.469,18.592,18.592,80.781
100.16,61.592,35.114,19.282,19.282,80.873
100.09,63.209,33.563,18.442,18.442,81.652
99.992,61.864,37.884,19.064,19.064,80.928
99.911,61.78,37.92,19.065,19.065,80.846
99.947,63.043,35.091,18.452,18.452,81.495
99.74,61.904,33.837,18.918,18.918,80.822
99.99,62.016,36.919,18.987,18.987,81.003
99.669,61.004,35.369,19.333,19.333,80.337
99.562,62.195,35.601,18.683,18.683,80.878
99.762,62.246,34.507,18.758,18.758,81.004
99.796,62.195,34.88,18.8,18.8,80.996
99.632,61.567,33.211,19.033,19.033,80.599
99.724,62.237,36.847,18.744,18.744,80.98
99.865,62.59,36.85,18.637,18.637,81.227
99.64,62.884,37.143,18.378,18.378,81.262
99.467,62.261,37.877,18.603,18.603,80.864
99.385,62.101,38.333,18.642,18.642,80.743
99.712,62.11,38.478,18.801,18.801,80.911
99.965,62.199,34.265,18.883,18.883,81.082
99.887,62.121,33.625,18.883,18.883,81.004
100.42,61.235,35.597,19.594,19.594,80.829
99.489,63.224,36.572,18.133,18.133,81.356
99.599,61.948,34.593,18.825,18.825,80.774
100.2,61.725,40.802,19.236,19.236,80.961
100.02,61.677,36.353,19.172,19.172,80.848
99.484,63.12,37.189,18.182,18.182,81.302
99.893,61.926,35.974,18.984,18.984,80.909
99.96,62.053,36.293,18.954,18.954,81.007
99.684,62.092,37.34,18.796,18.796,80.888
100.28,61.051,38.065,19.612,19.612,80.663
99.973,62.752,39.042,18.611,18.611,81.362
99.708,62.332,34.214,18.688,18.688,81.02
100.14,62.061,35.226,19.041,19.041,81.102
99.963,61.68,35.073,19.141,19.141,80.821
99.801,61.787,34.468,19.007,19.007,80.794
99.906,61.742,36.156,19.082,19.082,80.824
98.982,61.774,42.392,18.604,18.604,80.378
99.813,63.407,38.161,18.203,18.203,81.61
99.21,63.151,37.174,18.03,18.03,81.18
99.917,61.214,34.963,19.352,19.352,80.566
99.618,61.972,36.969,18.823,18.823,80.795
100.06,62.142,36.823,18.96,18.96,81.101
100.06,61.303,37.763,19.381,19.381,80.684
99.791,62.594,33.94,18.599,18.599,81.193
99.909,62.008,37.018,18.951,18.951,80.959
99.454,62.805,35.299,18.324,18.324,81.13
99.249,62.288,37.544,18.48,18.48,80.769
100.01,61.744,35.428,19.133,19.133,80.877
99.776,61.469,35.028,19.153,19.153,80.623
99.806,62.596,35.547,18.605,18.605,81.201
99.293,62.039,35.865,18.627,18.627,80.666
99.476,62.791,33.979,18.342,18.342,81.133
100.08,61.987,38.437,19.045,19.045,81.032
99.65,62.126,37.217,18.762,18.762,80.888
100.48,60.821,37.464,19.83,19.83,80.651
100.14,61.801,35.326,19.169,19.169,80.971
99.771,62.613,36.216,18.579,18.579,81.192
99.736,62.014,35.037,18.861,18.861,80.875
100.1,62.589,39.426,18.754,18.754,81.343
99.589,62.699,36.377,18.445,18.445,81.144
99.794,61.924,38.187,18.935,18.935,80.859
99.883,61.487,37.021,19.198,19.198,80.685
99.716,62.125,36.753,18.796,18.796,80.921
100.4,61.652,35.608,19.373,19.373,81.025
99.925,61.542,38.404,19.192,19.192,80.733
99.741,62.445,33.553,18.648,18.648,81.093
99.59,61.862,40.253,18.864,18.864,80.726
99.7,62.315,37.771,18.692,18.692,81.008
99.591,61.857,40.372,18.867,18.867,80.724
99.927,61.858,35.11,19.034,19.034,80.892
99.322,62.798,35.623,18.262,18.262,81.06
99.554,61.961,36.705,18.796,18.796,80.758
100.05,61.975,36.244,19.039,19.039,81.014
99.513,62.413,35.163,18.55,18.55,80.963
100.03,61.942,37.275,19.042,19.042,80.984
100.29,61.194,37.049,19.548,19.548,80.742
100.14,61.591,39.005,19.274,19.274,80.864
100.23,61.532,37.468,19.349,19.349,80.881
99.481,62.302,38.356,18.589,18.589,80.892
99.955,62.027,35.889,18.964,18.964,80.991
100.06,61.495,37.38,19.282,19.282,80.777
99.714,62.217,37.176,18.748,18.748,80.965
99.552,62.751,32.86,18.401,18.401,81.152
99.93,62.374,39.813,18.778,18.778,81.152
100.04,61.987,36.959,19.026,19.026,81.013
99.912,61.719,37.995,19.097,19.097,80.816
100.01,61.88,34.865,19.067,19.067,80.947
99.876,61.541,36.506,19.168,19.168,80.708
100.27,61.699,38.614,19.287,19.287,80.986
100.05,61.979,34.903,19.034,19.034,81.012
99.74,62.648,38.46,18.546,18.546,81.194
99.927,61.892,40.403,19.018,19.018,80.91
99.921,62.12,36.416,18.9,18.9,81.021
99.585,62.154,36.557,18.716,18.716,80.869
100.2,61.746,35.725,19.226,19.226,80.972
100.05,61.512,38.371,19.271,19.271,80.783
100.03,62.545,38.323,18.744,18.744,81.289
100.41,61.397,38.712,19.506,19.506,80.902
100.05,61.973,37.912,19.038,19.038,81.011
99.678,62.51,39.284,18.584,18.584,81.094
99.785,61.016,36.072,19.384,19.384,80.401
99.749,62.141,38.332,18.804,18.804,80.945
100.36,61.464,37.264,19.448,19.448,80.912
99.652,62.345,39.786,18.654,18.654,80.998
99.824,62.241,36.831,18.792,18.792,81.033
99.889,62.207,37.606,18.841,18.841,81.048
99.852,62.16,40.292,18.846,18.846,81.006
100.07,61.672,32.87,19.199,19.199,80.871
100.33,62.403,35.908,18.964,18.964,81.367
99.691,62.468,37.123,18.611,18.611,81.08
100.14,62.192,37.791,18.972,18.972,81.164
99.865,62.117,38.36,18.874,18.874,80.991
99.674,62.54,38.806,18.567,18.567,81.107
99.971,62.092,35.325,18.94,18.94,81.032
100.21,61.995,36.912,19.106,19.106,81.101
99.637,62.286,38.487,18.675,18.675,80.961
99.498,62.026,34.81,18.736,18.736,80.762
100.11,62.475,38.06,18.819,18.819,81.294
99.44,61.739,36.694,18.85,18.85,80.59
99.764,62.576,37.984,18.594,18.594,81.17
99.986,62.47,34.766,18.758,18.758,81.228
99.912,62.173,34.856,18.869,18.869,81.042
99.583,62.664,35.13,18.46,18.46,81.123
99.543,62.458,35.061,18.542,18.542,81.001
99.98,61.634,36.589,19.173,19.173,80.807
100.15,62.2,40.717,18.975,18.975,81.175
99.48,62.472,38.606,18.504,18.504,80.976
99.85,62.102,37.706,18.874,18.874,80.976
99.825,62.322,38.708,18.751,18.751,81.074
99.782,61.925,38.257,18.928,18.928,80.853
99.618,62.158,37.803,18.73,18.73,80.888
99.854,62.301,37.842,18.776,18.776,81.077
99.829,62.761,35.995,18.534,18.534,81.295
99.816,61.662,36.133,19.077,19.077,80.739
99.979,61.642,37.229,19.168,19.168,80.811
99.924,62.318,38.024,18.803,18.803,81.121
99.634,62.153,33.946,18.741,18.741,80.893
99.382,62.317,39.273,18.532,18.532,80.85
99.524,62.29,35.646,18.617,18.617,80.907
99.986,62.318,33.848,18.834,18.834,81.152
100.11,61.522,38.67,19.294,19.294,80.816
99.9,62.123,39.064,18.889,18.889,81.012
99.527,62.432,33.393,18.547,18.547,80.98
99.855,61.88,37.09,18.988,18.988,80.868
99.362,63.391,34.572,17.986,17.986,81.377
99.66,62.718,37.285,18.471,18.471,81.189
99.821,61.717,39.353,19.052,19.052,80.769
99.74,61.817,35.835,18.962,18.962,80.778
100.2,61.524,38.523,19.34,19.34,80.863
99.824,62.296,34.752,18.764,18.764,81.06
100.0,62.609,34.39,18.697,18.697,81.306
99.851,61.768,36.331,19.041,19.041,80.809
99.409,62.217,36.887,18.596,18.596,80.813
100.19,61.15,36.667,19.521,19.521,80.671
100.03,60.928,33.604,19.552,19.552,80.48
99.918,61.708,37.279,19.105,19.105,80.813
99.808,62.012,35.751,18.898,18.898,80.91
99.695,61.648,33.273,19.023,19.023,80.671
99.598,62.854,40.735,18.372,18.372,81.226
99.769,62.477,32.881,18.646,18.646,81.123
99.983,62.095,37.796,18.944,18.944,81.039
99.938,62.439,36.487,18.749,18.749,81.189
100.08,61.343,37.771,19.369,19.369,80.712
99.418,62.229,39.79,18.594,18.594,80.823
99.627,62.658,37.085,18.484,18.484,81.143
99.966,62.12,35.167,18.923,18.923,81.043
100.04,62.387,39.552,18.825,18.825,81.212
99.976,61.428,34.889,19.274,19.274,80.702
99.535,62.193,35.339,18.671,18.671,80.864
99.45,63.163,34.599,18.144,18.144,81.307
99.358,63.223,38.512,18.068,18.068,81.29
99.787,62.533,38.9,18.627,18.627,81.16
100.08,62.204,41.246,18.938,18.938,81.142
99.93,62.69,38.334,18.62,18.62,81.31
99.732,61.68,39.53,19.026,19.026,80.706
99.98,61.542,31.965,19.219,19.219,80.761
99.868,62.395,39.995,18.736,18.736,81.132
99.544,62.462,36.517,18.541,18.541,81.003
99.549,62.635,37.164,18.457,18.457,81.092
99.521,62.226,37.329,18.648,18.648,80.874
99.769,61.899,35.087,18.935,18.935,80.834
99.845,61.669,37.648,19.088,19.088,80.757
99.764,61.878,39.164,18.943,18.943,80.821
99.461,62.718,35.762,18.371,18.371,81.089
99.982,62.472,36.618,18.755,18.755,81.227
99.731,62.27,39.749,18.73,18.73,81.001
99.944,62.06,37.821,18.942,18.942,81.002
99.549,62.366,36.295,18.592,18.592,80.958
100.2,63.245,39.484,18.48,18.48,81.725
99.615,62.091,37.532,18.762,18.762,80.853
99.307,62.13,39.639,18.589,18.589,80.718
99.285,62.155,40.529,18.565,18.565,80.72
100.01,61.172,37.428,19.421,19.421,80.593
99.887,61.929,37.12,18.979,18.979,80.908
100.02,62.04,39.26,18.99,18.99,81.03
99.484,62.39,37.622,18.547,18.547,80.937
100.39,61.61,39.746,19.392,19.392,81.002
99.617,62.669,35.409,18.474,18.474,81.143
99.988,62.157,35.733,18.916,18.916,81.073
99.967,62.658,37.344,18.655,18.655,81.312
100.09,61.335,37.684,19.379,19.379,80.714
100.49,61.979,38.127,19.258,19.258,81.237
99.921,62.467,36.292,18.727,18.727,81.194
99.759,61.171,38.475,19.294,19.294,80.465
99.975,61.997,36.338,18.989,18.989,80.986
100.33,61.817,36.08,19.256,19.256,81.073
99.604,62.016,40.885,18.794,18.794,80.81
99.889,62.438,37.358,18.726,18.726,81.164
99.988,62.199,36.535,18.894,18.894,81.093
99.771,62.264,35.873,18.754,18.754,81.017
99.602,61.56,36.969,19.021,19.021,80.581
99.356,62.901,37.291,18.227,18.227,81.129
99.872,62.556,38.283,18.658,18.658,81.214
99.746,63.212,37.25,18.267,18.267,81.479
99.801,61.796,37.53,19.003,19.003,80.798
100.24,61.777,36.507,19.234,19.234,81.01
99.619,62.142,39.001,18.738,18.738,80.88
99.776,62.686,37.48,18.545,18.545,81.231
100.32,61.478,39.973,19.422,19.422,80.901
99.727,62.283,38.419,18.722,18.722,81.005
99.44,62.761,37.787,18.34,18.34,81.101
99.57,62.458,35.67,18.556,18.556,81.014
99.494,62.348,37.856,18.573,18.573,80.921
99.776,62.373,36.597,18.701,18.701,81.075
99.743,62.011,38.737,18.866,18.866,80.877
99.745,63.028,40.287,18.359,18.359,81.386
99.732,62.434,35.978,18.649,18.649,81.083
99.906,62.069,36.385,18.919,18.919,80.988
99.814,62.127,36.277,18.843,18.843,80.97
100.29,62.036,39.124,19.126,19.126,81.162
99.583,62.325,38.568,18.629,18.629,80.954
99.66,62.279,38.003,18.691,18.691,80.969
100.1,62.058,37.751,19.021,19.021,81.079
100.04,62.379,40.943,18.831,18.831,81.21
99.748,62.752,38.865,18.498,18.498,81.25
100.26,62.351,34.83,18.954,18.954,81.305
99.879,62.777,40.19,18.551,18.551,81.328
100.06,61.319,38.059,19.369,19.369,80.687
100.22,61.682,36.324,19.267,19.267,80.948
99.808,61.657,39.611,19.076,19.076,80.732
100.15,62.088,40.353,19.03,19.03,81.117
99.687,61.756,37.828,18.965,18.965,80.722
99.899,62.147,37.058,18.876,18.876,81.023
99.538,62.304,36.928,18.617,18.617,80.921
99.897,61.957,39.98,18.97,18.97,80.927
99.582,61.441,38.192,19.071,19.071,80.512
100.16,61.737,36.587,19.21,19.21,80.947
100.01,61.725,40.274,19.141,19.141,80.866
100.01,62.273,36.012,18.866,18.866,81.139
99.782,61.677,37.134,19.052,19.052,80.73
99.148,62.561,38.186,18.294,18.294,80.854
99.561,62.013,36.504,18.774,18.774,80.787
99.66,62.225,39.716,18.718,18.718,80.943
100.0,63.031,37.214,18.484,18.484,81.516
99.947,62.859,37.93,18.544,18.544,81.403
99.88,62.46,38.19,18.71,18.71,81.17
100.04,62.173,37.26,18.934,18.934,81.107
99.913,62.51,36.543,18.702,18.702,81.211
99.461,62.651,36.769,18.405,18.405,81.056
100.09,61.214,33.768,19.437,19.437,80.651
99.479,62.913,36.975,18.283,18.283,81.196
99.851,61.729,37.848,19.061,19.061,80.79
99.911,61.749,36.339,19.081,19.081,80.83
99.931,62.654,37.36,18.638,18.638,81.293
99.631,62.687,36.488,18.472,18.472,81.159
99.696,62.493,35.803,18.602,18.602,81.094
100.0,61.937,37.072,19.033,19.033,80.97
100.13,61.757,35.948,19.185,19.185,80.942
100.07,62.499,37.287,18.784,18.784,81.283
99.886,62.276,34.713,18.805,18.805,81.081
99.979,61.632,36.276,19.174,19.174,80.806
99.263,61.823,34.734,18.72,18.72,80.543
100.36,61.891,37.77,19.235,19.235,81.126
99.451,62.713,39.333,18.369,18.369,81.082
99.568,61.855,37.718,18.856,18.856,80.711
99.827,62.4,37.334,18.713,18.713,81.113
99.718,61.861,37.613,18.928,18.928,80.79
99.754,61.482,40.372,19.136,19.136,80.618
99.986,61.514,38.188,19.236,19.236,80.75
99.945,62.329,37.119,18.808,18.808,81.137
99.679,61.578,35.556,19.05,19.05,80.628
100.28,60.657,38.22,19.811,19.811,80.468
100.02,61.989,38.64,19.016,19.016,81.004
99.606,62.94,37.322,18.333,18.333,81.273
99.596,61.99,36.539,18.803,18.803,80.793
99.741,62.391,36.95,18.675,18.675,81.066
99.796,62.358,35.291,18.719,18.719,81.077
100.1,61.549,37.692,19.276,19.276,80.825
99.801,61.61,35.447,19.096,19.096,80.705
99.815,62.105,35.756,18.855,18.855,80.96
100.22,61.68,39.954,19.268,19.268,80.948
99.716,61.895,40.559,18.91,18.91,80.806
99.941,61.747,39.459,19.097,19.097,80.844
99.899,61.811,37.884,19.044,19.044,80.855
99.49,61.957,37.543,18.767,18.767,80.723
99.959,62.446,36.47,18.757,18.757,81.202
99.845,61.458,35.754,19.193,19.193,80.651
99.775,62.663,40.397,18.556,18.556,81.219
99.569,62.088,37.18,18.741,18.741,80.828
99.244,62.146,37.402,18.549,18.549,80.695
99.997,62.013,35.413,18.992,18.992,81.005
100.09,61.963,39.198,19.062,19.062,81.025
99.466,62.407,37.238,18.53,18.53,80.936
99.737,62.351,37.072,18.693,18.693,81.044
99.773,62.628,36.08,18.573,18.573,81.2
100.28,61.57,38.806,19.355,19.355,80.925
99.763,62.08,39.611,18.841,18.841,80.922
99.276,62.653,37.091,18.311,18.311,80.964
100.42,61.55,39.287,19.437,19.437,80.987
99.927,62.395,37.38,18.766,18.766,81.161
99.974,61.068,34.271,19.453,19.453,80.521
99.787,62.273,36.167,18.757,18.757,81.03
99.898,61.535,40.034,19.182,19.182,80.717
100.36,61.968,35.472,19.197,19.197,81.165
99.31,61.539,37.492,18.886,18.886,80.424
100.19,62.12,36.409,19.034,19.034,81.154
99.785,61.494,36.663,19.146,19.146,80.639
100.23,61.757,39.916,19.239,19.239,80.996
100.13,61.633,34.201,19.251,19.251,80.884
99.425,62.61,38.536,18.407,18.407,81.017
99.672,61.793,36.392,18.939,18.939,80.732
99.431,62.316,36.247,18.558,18.558,80.873
99.7,62.27,35.448,18.715,18.715,80.985
99.497,62.033,38.242,18.732,18.732,80.765
99.434,62.442,38.084,18.496,18.496,80.938
100.09,61.795,36.75,19.148,19.148,80.943
99.772,62.413,40.119,18.679,18.679,81.092
100.07,62.125,37.858,18.973,18.973,81.098
99.9,61.775,38.747,19.062,19.062,80.837
99.947,62.397,37.848,18.775,18.775,81.172
100.13,62.142,38.905,18.992,18.992,81.134
100.25,61.9,38.689,19.176,19.176,81.076
100.25,62.309,37.195,18.97,18.97,81.279
100.49,60.674,36.016,19.908,19.908,80.582
100.27,61.657,37.534,19.306,19.306,80.962
99.877,61.542,37.579,19.168,19.168,80.71
99.675,62.989,38.64,18.343,18.343,81.332
100.18,61.724,37.844,19.227,19.227,80.951
99.777,62.297,36.239,18.74,18.74,81.037
100.07,61.964,37.074,19.053,19.053,81.017
100.02,61.837,36.059,19.091,19.091,80.927
100.13,61.805,37.319,19.164,19.164,80.969
99.933,61.649,35.644,19.142,19.142,80.791
99.84,62.332,32.926,18.754,18.754,81.086
99.726,61.464,36.973,19.131,19.131,80.595
99.888,61.345,34.899,19.271,19.271,80.617
99.745,62.265,37.054,18.74,18.74,81.005
99.944,62.535,34.735,18.705,18.705,81.24
100.02,61.913,37.327,19.055,19.055,80.968
100.38,61.814,38.059,19.282,19.282,81.096
99.701,61.899,36.547,18.901,18.901,80.8
100.23,62.029,37.464,19.101,19.101,81.13
99.573,62.486,36.883,18.544,18.544,81.03
99.529,62.31,36.59,18.61,18.61,80.919
99.507,62.134,38.246,18.687,18.687,80.82
99.506,61.922,39.626,18.792,18.792,80.714
100.1,61.433,39.45,19.331,19.331,80.764
99.545,62.472,37.704,18.537,18.537,81.009
99.88,62.675,39.328,18.602,18.602,81.277
100.07,61.498,35.897,19.288,19.288,80.786
99.539,62.13,35.021,18.704,18.704,80.834
99.49,63.2,37.074,18.145,18.145,81.345
99.58,62.43,37.696,18.575,18.575,81.005
99.79,61.455,36.525,19.168,19.168,80.622
99.744,62.391,37.198,18.676,18.676,81.068
99.825,61.681,36.69,19.072,19.072,80.753
100.26,62.949,34.808,18.655,18.655,81.604
99.974,62.219,36.785,18.877,18.877,81.096
100.07,62.225,34.8,18.925,18.925,81.15
99.763,62.579,36.184,18.592,18.592,81.171
99.781,61.434,36.635,19.173,19.173,80.607
99.539,62.479,35.288,18.53,18.53,81.009
99.676,61.84,38.076,18.918,18.918,80.758
99.708,61.996,36.012,18.856,18.856,80.852
99.706,62.528,37.694,18.589,18.589,81.117
99.553,62.502,35.378,18.525,18.525,81.028
100.09,62.014,37.606,19.04,19.04,81.054
100.13,61.612,40.13,19.257,19.257,80.869
100.42,62.476,36.108,18.971,18.971,81.448
99.661,63.987,37.791,17.837,17.837,81.824
100.28,61.444,36.581,19.419,19.419,80.863
99.836,61.645,40.854,19.095,19.095,80.74
99.988,62.531,36.082,18.729,18.729,81.26
99.887,62.015,39.944,18.936,18.936,80.951
100.08,62.515,40.601,18.784,18.784,81.299
99.705,61.576,35.788,19.065,19.065,80.641
100.03,61.667,38.076,19.183,19.183,80.85
99.83,61.5,38.547,19.165,19.165,80.665
99.797,62.733,37.534,18.532,18.532,81.265
99.668,62.098,34.25,18.785,18.785,80.883
100.1,61.724,37.531,19.19,19.19,80.914
99.993,61.796,37.764,19.099,19.099,80.895
100.13,61.402,36.919,19.363,19.363,80.765
100.02,61.672,36.861,19.173,19.173,80.845
99.54,62.755,38.125,18.393,18.393,81.148
99.902,61.721,34.419,19.09,19.09,80.812
99.645,62.515,37.081,18.565,18.565,81.08
99.96,61.276,37.561,19.342,19.342,80.618
99.921,62.032,34.317,18.945,18.945,80.977
99.847,61.901,36.633,18.973,18.973,80.874
99.843,61.704,33.257,19.07,19.07,80.774
99.742,61.896,36.053,18.923,18.923,80.819
99.938,62.712,37.099,18.613,18.613,81.325
99.95,61.974,37.075,18.988,18.988,80.962
99.79,61.573,38.336,19.108,19.108,80.681
100.16,60.809,34.86,19.678,19.678,80.487
99.599,62.262,34.761,18.669,18.669,80.93
100.44,61.797,37.349,19.323,19.323,81.12
99.575,61.558,36.748,19.009,19.009,80.566
99.749,62.106,38.061,18.822,18.822,80.928
99.399,61.856,37.679,18.772,18.772,80.628
99.461,62.456,36.817,18.503,18.503,80.958
100.05,62.147,35.295,18.951,18.951,81.098
99.951,62.027,39.779,18.962,18.962,80.989
99.925,62.073,35.375,18.926,18.926,80.999
99.794,61.9,39.705,18.947,18.947,80.847
99.567,62.93,37.097,18.318,18.318,81.248
99.926,61.921,36.752,19.003,19.003,80.924
99.624,62.247,36.994,18.688,18.688,80.935
100.3,62.287,37.86,19.007,19.007,81.294
99.686,62.283,39.512,18.702,18.702,80.985
99.547,62.239,37.294,18.654,18.654,80.893
100.19,60.943,37.225,19.624,19.624,80.567
99.927,62.006,35.706,18.961,18.961,80.967
99.893,62.419,36.828,18.737,18.737,81.156
99.835,61.511,34.027,19.162,19.162,80.673
100.16,61.584,39.793,19.288,19.288,80.872
100.08,61.383,36.754,19.351,19.351,80.733
99.959,61.425,39.01,19.267,19.267,80.692
99.946,62.693,41.32,18.626,18.626,81.32
100.18,62.653,37.334,18.763,18.763,81.417
100.1,62.158,34.509,18.97,18.97,81.128
99.943,61.904,37.715,19.02,19.02,80.924
99.783,62.155,36.519,18.814,18.814,80.969
99.356,62.723,34.695,18.317,18.317,81.04
99.83,62.391,39.683,18.719,18.719,81.111
100.19,61.279,37.163,19.456,19.456,80.735
99.867,62.127,35.383,18.87,18.87,80.997
99.67,62.468,36.612,18.601,18.601,81.069
99.599,62.062,38.068,18.768,18.768,80.831
100.01,62.014,35.205,18.999,18.999,81.014
99.878,61.643,33.562,19.117,19.117,80.761
99.542,62.452,41.382,18.545,18.545,80.997
99.914,61.449,38.189,19.232,19.232,80.682
100.33,61.986,35.209,19.173,19.173,81.16
99.749,62.837,36.937,18.456,18.456,81.293
99.946,61.96,41.118,18.993,18.993,80.953
99.858,61.826,33.861,19.016,19.016,80.842
99.905,62.165,36.584,18.87,18.87,81.035
99.643,61.182,39.205,19.23,19.23,80.413
99.591,62.497,36.588,18.547,18.547,81.044
100.26,61.49,35.108,19.386,19.386,80.876
100.23,62.554,36.348,18.839,18.839,81.393
100.09,61.969,35.246,19.059,19.059,81.027
99.316,62.059,36.164,18.629,18.629,80.688
100.21,62.092,38.876,19.06,19.06,81.152
100.06,62.156,35.188,18.953,18.953,81.109
99.889,61.502,38.628,19.193,19.193,80.696
99.827,62.488,34.643,18.669,18.669,81.158
99.595,62.276,37.132,18.659,18.659,80.936
99.983,62.079,36.053,18.952,18.952,81.031
99.712,61.432,37.528,19.14,19.14,80.572
99.602,60.835,36.033,19.384,19.384,80.218
100.1,62.88,38.362,18.61,18.61,81.49
100.17,61.896,37.322,19.139,19.139,81.035
99.92,62.222,37.778,18.849,18.849,81.071
99.993,61.334,38.821,19.33,19.33,80.663
100.24,62.026,39.29,19.107,19.107,81.134
99.471,63.29,36.013,18.091,18.091,81.38
99.908,61.731,35.651,19.089,19.089,80.82
99.973,62.336,39.354,18.819,18.819,81.154
99.73,61.877,33.803,18.926,18.926,80.804
99.881,61.74,32.929,19.07,19.07,80.81
99.438,62.005,36.81,18.717,18.717,80.721
99.572,62.632,34.35,18.47,18.47,81.102
100.13,61.752,37.757,19.191,19.191,80.943
99.619,62.367,34.018,18.626,18.626,80.993
99.049,62.623,36.652,18.213,18.213,80.836
99.891,61.718,37.412,19.086,19.086,80.804
100.36,61.125,34.716,19.618,19.618,80.743
100.08,62.441,41.879,18.82,18.82,81.261
99.656,61.811,36.372,18.923,18.923,80.734
100.0,63.101,39.641,18.45,18.45,81.551
99.891,62.894,35.462,18.498,18.498,81.392
99.475,62.542,37.136,18.467,18.467,81.008
99.735,62.167,37.504,18.784,18.784,80.951
99.626,62.59,34.791,18.518,18.518,81.108
99.836,62.054,36.674,18.891,18.891,80.945
100.17,61.452,40.936,19.36,19.36,80.812
100.03,61.549,35.599,19.239,19.239,80.788
99.904,62.841,36.133,18.531,18.531,81.373
99.686,62.192,37.727,18.747,18.747,80.939
100.09,61.974,37.321,19.059,19.059,81.033
99.624,62.849,35.023,18.388,18.388,81.236
99.353,62.339,36.405,18.507,18.507,80.846
100.16,62.404,36.967,18.876,18.876,81.28
100.04,61.768,37.021,19.135,19.135,80.903
99.958,61.788,38.53,19.085,19.085,80.873
99.967,62.956,36.725,18.506,18.506,81.462
99.993,61.134,32.948,19.43,19.43,80.563
100.06,61.487,37.239,19.287,19.287,80.774
99.903,62.243,40.351,18.83,18.83,81.073
99.8,62.321,35.655,18.739,18.739,81.06
100.22,62.203,39.573,19.007,19.007,81.211
99.899,62.136,34.475,18.882,18.882,81.017
99.772,62.509,34.627,18.632,18.632,81.14
100.2,61.814,35.26,19.191,19.191,81.005
99.474,62.358,33.998,18.558,18.558,80.916
99.051,63.372,36.661,17.84,17.84,81.211
99.965,61.865,34.409,19.05,19.05,80.915
100.27,61.31,36.331,19.479,19.479,80.789
99.755,62.985,33.228,18.385,18.385,81.37
99.78,61.785,36.162,18.998,18.998,80.783
99.792,62.62,38.364,18.586,18.586,81.206
99.811,62.515,36.74,18.648,18.648,81.163
99.601,61.518,30.903,19.041,19.041,80.56
100.18,60.936,39.232,19.622,19.622,80.558
99.642,62.406,38.383,18.618,18.618,81.024
100.33,61.214,35.169,19.56,19.56,80.774
100.29,62.526,40.47,18.884,18.884,81.41
99.87,62.923,35.323,18.473,18.473,81.396
99.927,61.584,37.731,19.171,19.171,80.756
99.488,62.55,36.817,18.469,18.469,81.019
99.74,61.856,33.022,18.942,18.942,80.798
100.64,62.193,36.627,19.224,19.224,81.416
100.02,61.841,38.375,19.091,19.091,80.932
99.788,62.014,36.189,18.887,18.887,80.901
100.34,62.641,37.603,18.851,18.851,81.493
99.952,61.35,37.663,19.301,19.301,80.651
99.857,62.046,39.846,18.906,18.906,80.952
100.47,62.908,38.066,18.781,18.781,81.689
99.369,62.152,36.197,18.608,18.608,80.76
99.709,61.873,38.115,18.918,18.918,80.791
99.816,61.583,38.806,19.116,19.116,80.7
99.678,61.981,36.227,18.848,18.848,80.83
100.47,61.401,35.408,19.532,19.532,80.933
99.796,62.347,39.464,18.725,18.725,81.072
99.573,61.753,37.286,18.91,18.91,80.663
99.767,62.335,35.44,18.716,18.716,81.051
99.829,61.727,36.659,19.051,19.051,80.778
99.652,61.675,37.746,18.989,18.989,80.664
99.434,61.884,37.617,18.775,18.775,80.659
100.15,61.967,36.908,19.091,19.091,81.058
100.16,60.829,35.761,19.666,19.666,80.495
99.969,62.321,41.334,18.824,18.824,81.145
99.99,62.066,37.139,18.962,18.962,81.028
99.761,61.409,39.091,19.176,19.176,80.585
99.764,62.152,39.589,18.806,18.806,80.958
99.555,63.014,39.96,18.27,18.27,81.284
99.749,62.581,40.155,18.584,18.584,81.165
99.409,62.012,37.198,18.698,18.698,80.71
99.568,63.097,37.408,18.235,18.235,81.332
99.639,61.865,38.558,18.887,18.887,80.752
99.817,62.305,37.766,18.756,18.756,81.061
99.448,63.84,39.394,17.804,17.804,81.644
100.52,61.642,39.409,19.44,19.44,81.082
99.49,62.321,38.744,18.585,18.585,80.906
99.656,62.138,39.87,18.759,18.759,80.897
100.25,61.219,37.831,19.515,19.515,80.733
99.677,61.81,36.071,18.934,18.934,80.743
100.24,61.427,38.078,19.407,19.407,80.835
99.637,61.665,38.644,18.986,18.986,80.651
100.45,60.888,38.705,19.779,19.779,80.668
99.507,61.915,37.621,18.796,18.796,80.711
99.77,61.494,39.838,19.138,19.138,80.632
99.952,62.778,36.406,18.587,18.587,81.365
100.34,61.708,32.074,19.318,19.318,81.026
100.03,61.578,33.77,19.225,19.225,80.804
99.818,61.892,34.752,18.963,18.963,80.855
100.04,61.725,35.474,19.159,19.159,80.884
99.842,62.75,39.718,18.546,18.546,81.296
99.735,62.037,39.807,18.849,18.849,80.886
99.858,62.62,35.6,18.619,18.619,81.239
99.89,62.166,35.84,18.862,18.862,81.028
99.781,61.91,37.844,18.935,18.935,80.845
99.646,62.672,35.471,18.487,18.487,81.159
100.16,62.241,39.203,18.959,18.959,81.2
100.07,61.786,38.168,19.141,19.141,80.926
100.41,61.445,36.825,19.484,19.484,80.928
99.379,61.985,34.625,18.697,18.697,80.682
99.835,61.924,38.182,18.955,18.955,80.88
100.03,62.256,37.081,18.884,18.884,81.141
99.699,62.504,38.972,18.598,18.598,81.102
100.23,61.912,35.195,19.161,19.161,81.073
99.822,62.174,35.948,18.824,18.824,80.998
99.906,61.817,36.378,19.045,19.045,80.862
99.496,62.673,39.084,18.411,18.411,81.085
99.34,61.985,37.42,18.677,18.677,80.662
99.58,62.389,36.182,18.595,18.595,80.984
99.225,62.867,38.775,18.179,18.179,81.046
99.59,61.524,37.17,19.033,19.033,80.557
99.69,61.903,36.757,18.893,18.893,80.797
99.702,63.063,36.152,18.32,18.32,81.383
99.8,63.05,37.198,18.375,18.375,81.425
99.768,62.893,37.785,18.437,18.437,81.331
99.999,61.133,39.23,19.433,19.433,80.566
100.05,62.188,34.748,18.931,18.931,81.119
100.28,61.964,38.081,19.159,19.159,81.123
100.43,61.169,33.567,19.63,19.63,80.799
100.2,62.653,41.419,18.773,18.773,81.426
99.799,62.696,37.928,18.552,18.552,81.248
99.736,61.906,37.223,18.915,18.915,80.821
99.769,61.303,35.341,19.233,19.233,80.536
99.776,61.983,38.365,18.897,18.897,80.879
99.578,62.151,36.063,18.713,18.713,80.865
100.01,62.082,33.849,18.963,18.963,81.046
99.024,62.309,37.971,18.357,18.357,80.666
99.628,61.162,37.974,19.233,19.233,80.395
99.871,61.882,37.965,18.994,18.994,80.876
100.12,62.291,38.132,18.914,18.914,81.205
99.777,62.404,36.249,18.686,18.686,81.091
99.685,61.964,37.197,18.861,18.861,80.824
100.06,61.917,38.91,19.072,19.072,80.989
100.08,61.719,35.16,19.178,19.178,80.897
100.14,61.484,37.893,19.326,19.326,80.81
100.11,61.952,37.189,19.08,19.08,81.033
100.09,61.469,38.258,19.311,19.311,80.78
99.725,61.914,35.631,18.906,18.906,80.82
100.02,61.825,38.919,19.099,19.099,80.924
99.955,61.8,37.743,19.078,19.078,80.878
99.75,62.089,36.975,18.831,18.831,80.92
99.816,61.859,35.361,18.978,18.978,80.838
99.832,61.933,40.237,18.949,18.949,80.883
99.891,62.763,37.54,18.564,18.564,81.327
99.425,62.474,36.644,18.475,18.475,80.949
100.14,61.588,35.41,19.275,19.275,80.863
99.767,61.534,40.95,19.117,19.117,80.65
100.11,62.297,35.211,18.907,18.907,81.204
100.3,62.55,41.557,18.874,18.874,81.425
100.39,61.486,35.698,19.453,19.453,80.938
99.705,62.007,36.887,18.849,18.849,80.856
99.898,62.312,39.27,18.793,18.793,81.105
100.11,60.827,38.709,19.644,19.644,80.471
100.03,61.768,36.922,19.132,19.132,80.9
99.846,62.079,36.466,18.884,18.884,80.963
100.1,61.262,32.946,19.419,19.419,80.68
99.692,62.104,40.637,18.794,18.794,80.898
99.762,61.368,36.357,19.197,19.197,80.565
99.878,61.563,35.027,19.158,19.158,80.721
99.947,62.924,38.163,18.512,18.512,81.436
99.957,62.103,33.729,18.927,18.927,81.03
100.33,62.629,34.95,18.85,18.85,81.479
99.891,62.28,35.733,18.805,18.805,81.086
99.726,61.85,36.945,18.938,18.938,80.788
99.653,62.012,35.162,18.82,18.82,80.832
100.49,61.634,35.894,19.426,19.426,81.06
100.05,61.725,34.525,19.164,19.164,80.888
99.989,62.581,35.282,18.704,18.704,81.285
99.946,61.668,39.139,19.139,19.139,80.807
99.741,61.914,37.801,18.913,18.913,80.828
100.16,62.067,38.417,19.045,19.045,81.112
99.474,62.348,35.596,18.563,18.563,80.911
100.18,61.891,38.051,19.143,19.143,81.033
100.14,61.452,38.891,19.343,19.343,80.795
100.59,61.611,35.256,19.488,19.488,81.099
99.554,61.838,37.978,18.858,18.858,80.696
99.83,61.658,35.935,19.086,19.086,80.744
99.956,62.335,34.864,18.811,18.811,81.146
99.935,62.334,35.404,18.8,18.8,81.134
99.924,62.153,35.874,18.886,18.886,81.038
99.577,61.923,35.62,18.827,18.827,80.75
100.44,62.457,40.919,18.993,18.993,81.449
99.995,60.846,38.489,19.575,19.575,80.421
99.734,61.595,35.552,19.069,19.069,80.664
99.913,61.879,32.759,19.017,19.017,80.896
99.829,62.038,37.593,18.895,18.895,80.934
99.989,62.207,36.103,18.891,18.891,81.098
99.939,62.501,34.915,18.719,18.719,81.22
99.76,62.338,37.591,18.711,18.711,81.049
100.24,62.036,38.585,19.104,19.104,81.14
99.866,61.718,37.728,19.074,19.074,80.792
99.912,61.208,36.19,19.352,19.352,80.56
99.512,62.311,38.642,18.601,18.601,80.912
100.18,61.461,40.789,19.357,19.357,80.819
99.55,61.95,37.182,18.8,18.8,80.75
99.778,62.127,36.779,18.825,18.825,80.953
99.897,62.235,37.3,18.831,18.831,81.066
100.06,61.934,37.355,19.061,19.061,80.995
100.26,61.758,32.793,19.252,19.252,81.011
99.939,61.715,35.267,19.112,19.112,80.827
99.622,61.914,34.755,18.854,18.854,80.768
99.617,62.079,36.401,18.769,18.769,80.848
100.01,61.821,37.479,19.093,19.093,80.914
99.542,62.726,37.832,18.408,18.408,81.134
99.647,62.152,37.025,18.748,18.748,80.899
100.23,61.254,38.298,19.488,19.488,80.743
99.893,62.638,37.484,18.628,18.628,81.265
100.11,61.268,37.671,19.423,19.423,80.691
99.634,62.531,34.425,18.551,18.551,81.082
98.997,62.098,37.841,18.449,18.449,80.547
99.275,62.292,35.153,18.492,18.492,80.783
99.818,62.582,40.45,18.618,18.618,81.2
99.976,62.364,34.98,18.806,18.806,81.17
99.775,62.489,38.616,18.643,18.643,81.132
99.753,62.573,34.035,18.59,18.59,81.163
99.645,62.165,36.933,18.74,18.74,80.905
100.14,61.502,35.344,19.32,19.32,80.822
100.26,62.721,36.834,18.771,18.771,81.492
99.695,62.469,37.327,18.613,18.613,81.082
99.616,61.831,40.364,18.892,18.892,80.723
100.25,62.097,37.385,19.076,19.076,81.173
99.711,62.149,38.185,18.781,18.781,80.93
99.887,62.678,40.142,18.605,18.605,81.283
100.12,62.035,35.266,19.041,19.041,81.076
99.921,61.202,39.304,19.36,19.36,80.561
99.999,61.69,36.946,19.154,19.154,80.845
99.966,61.767,35.357,19.099,19.099,80.867
100.19,61.926,35.293,19.131,19.131,81.057
99.618,62.605,36.723,18.507,18.507,81.111
99.778,62.44,32.058,18.669,18.669,81.109
100.44,61.521,37.278,19.46,19.46,80.982
99.798,62.162,39.156,18.818,18.818,80.98
100.29,62.203,36.448,19.044,19.044,81.248
99.799,62.048,36.016,18.876,18.876,80.923
100.01,61.677,32.858,19.169,19.169,80.846
99.721,63.034,39.339,18.344,18.344,81.378
99.443,62.666,35.998,18.389,18.389,81.054
99.808,62.095,35.677,18.857,18.857,80.951
99.763,61.482,34.478,19.14,19.14,80.622
99.754,61.701,38.192,19.026,19.026,80.728
100.36,61.432,35.918,19.465,19.465,80.897
99.984,62.191,37.605,18.897,18.897,81.087
99.777,62.139,34.18,18.819,18.819,80.958
99.684,62.107,36.514,18.788,18.788,80.896
99.435,62.453,38.236,18.491,18.491,80.944
99.682,62.643,36.421,18.519,18.519,81.163
99.813,61.711,39.935,19.051,19.051,80.762
99.846,62.015,35.794,18.916,18.916,80.93
99.773,61.827,35.02,18.973,18.973,80.8
99.73,62.111,43.343,18.81,18.81,80.92
99.642,62.359,36.63,18.642,18.642,81.0
99.917,62.204,39.961,18.857,18.857,81.06
99.194,62.533,36.019,18.331,18.331,80.863
99.654,61.17,35.585,19.242,19.242,80.412
99.61,62.539,38.458,18.536,18.536,81.074
99.727,61.209,33.606,19.259,19.259,80.468
99.947,61.461,36.007,19.243,19.243,80.704
100.05,61.457,37.074,19.295,19.295,80.752
100.3,61.967,41.022,19.165,19.165,81.131
99.518,62.099,33.355,18.709,18.709,80.808
99.51,62.616,36.915,18.447,18.447,81.063
100.22,61.883,38.62,19.166,19.166,81.049
99.851,62.517,36.104,18.667,18.667,81.184
99.712,62.344,37.398,18.684,18.684,81.028
99.843,62.365,36.961,18.739,18.739,81.104
100.03,61.907,38.243,19.062,19.062,80.969
100.37,61.106,37.877,19.63,19.63,80.737
99.981,62.448,37.53,18.767,18.767,81.214
99.382,62.594,37.888,18.394,18.394,80.988
99.935,61.65,34.961,19.143,19.143,80.793
99.852,62.295,37.718,18.778,18.778,81.074
99.891,62.178,37.782,18.857,18.857,81.035
99.94,62.18,37.142,18.88,18.88,81.06
99.907,61.27,34.878,19.319,19.319,80.589
100.09,61.769,34.352,19.159,19.159,80.928
100.04,62.688,40.159,18.677,18.677,81.365
99.697,62.374,34.005,18.662,18.662,81.035
100.06,61.738,35.422,19.162,19.162,80.9
100.26,61.326,39.38,19.467,19.467,80.793
99.558,62.365,34.277,18.596,18.596,80.961
100.09,61.855,34.965,19.119,19.119,80.974
99.513,61.994,36.432,18.76,18.76,80.754
99.919,62.759,38.962,18.58,18.58,81.339
100.35,61.465,35.921,19.444,19.444,80.909
99.832,62.335,35.134,18.749,18.749,81.084
99.77,63.418,35.818,18.176,18.176,81.594
99.978,61.973,38.398,19.003,19.003,80.975
99.932,61.869,35.827,19.032,19.032,80.901
99.834,61.333,39.699,19.25,19.25,80.583
99.504,61.675,38.566,18.914,18.914,80.589
99.753,62.465,36.523,18.644,18.644,81.109
99.913,62.199,37.509,18.857,18.857,81.056
99.761,62.015,37.261,18.873,18.873,80.888
99.744,62.576,35.588,18.584,18.584,81.16
100.03,62.363,39.529,18.833,18.833,81.196
99.861,61.97,37.239,18.946,18.946,80.915
99.895,62.058,35.744,18.919,18.919,80.976
100.05,61.9,34.737,19.075,19.075,80.975
99.871,62.164,35.956,18.854,18.854,81.017
99.778,62.254,38.686,18.762,18.762,81.016
100.22,61.06,36.423,19.579,19.579,80.639
99.736,63.834,35.997,17.951,17.951,81.785
100.04,61.726,33.203,19.157,19.157,80.883
99.658,62.935,40.929,18.362,18.362,81.297
99.994,62.066,38.046,18.964,18.964,81.03
99.971,62.844,37.34,18.563,18.563,81.407
99.765,61.608,37.632,19.079,19.079,80.687
99.892,61.84,37.028,19.026,19.026,80.866
99.696,62.655,36.748,18.52,18.52,81.175
99.251,62.504,38.313,18.374,18.374,80.877
100.03,62.555,35.544,18.737,18.737,81.291
99.82,61.351,36.318,19.235,19.235,80.585
99.655,62.06,36.617,18.797,18.797,80.858
99.906,62.076,36.99,18.915,18.915,80.991
99.687,61.974,39.257,18.856,18.856,80.831
100.09,62.475,36.028,18.807,18.807,81.283
99.584,62.474,37.251,18.555,18.555,81.029
99.87,62.57,38.583,18.65,18.65,81.22
99.738,62.112,39.268,18.813,18.813,80.925
99.974,61.936,35.915,19.019,19.019,80.955
99.423,62.565,35.626,18.429,18.429,80.994
99.784,61.62,37.605,19.082,19.082,80.702
99.879,62.035,41.282,18.922,18.922,80.957
99.812,62.069,38.298,18.872,18.872,80.941
99.709,61.755,37.5,18.977,18.977,80.732
99.835,62.198,36.084,18.819,18.819,81.016
99.539,63.014,37.659,18.263,18.263,81.277
99.824,61.816,33.49,19.004,19.004,80.82
100.7,61.493,39.223,19.603,19.603,81.096
100.13,61.654,36.06,19.238,19.238,80.892
100.35,62.183,37.378,19.083,19.083,81.266
99.959,62.214,35.417,18.872,18.872,81.086
99.732,62.863,37.044,18.434,18.434,81.298
99.467,62.553,32.954,18.457,18.457,81.01
99.741,62.333,38.854,18.704,18.704,81.037
99.212,62.867,34.121,18.173,18.173,81.04
99.706,61.541,36.796,19.082,19.082,80.623
100.18,62.044,38.436,19.07,19.07,81.114
99.818,62.457,37.902,18.68,18.68,81.138
99.812,62.295,38.803,18.758,18.758,81.053
99.894,62.068,36.546,18.913,18.913,80.981
100.36,60.429,36.023,19.965,19.965,80.393
100.15,62.522,33.074,18.814,18.814,81.336
99.816,62.249,39.071,18.783,18.783,81.032
99.647,62.318,37.936,18.664,18.664,80.982
99.842,61.915,38.337,18.963,18.963,80.879
100.11,62.002,38.396,19.052,19.052,81.054
99.848,61.56,39.253,19.144,19.144,80.704
99.777,61.997,41.762,18.89,18.89,80.887
100.19,61.136,37.968,19.525,19.525,80.661
99.732,62.532,37.14,18.6,18.6,81.132
100.01,62.67,36.289,18.668,18.668,81.338
99.39,62.245,35.68,18.572,18.572,80.818
99.956,62.196,37.503,18.88,18.88,81.076
100.32,61.714,35.216,19.304,19.304,81.018
99.923,62.219,38.893,18.852,18.852,81.071
99.522,63.274,37.196,18.124,18.124,81.398
99.694,61.867,34.577,18.913,18.913,80.78
99.824,62.271,37.564,18.777,18.777,81.047
100.39,62.01,35.469,19.188,19.188,81.198
99.741,62.504,39.682,18.619,18.619,81.122
100.31,61.676,38.831,19.316,19.316,80.992
99.911,61.761,36.984,19.075,19.075,80.836
100.21,61.919,36.446,19.146,19.146,81.064
100.17,61.546,37.366,19.312,19.312,80.858
99.589,61.386,33.846,19.101,19.101,80.487
99.92,62.699,38.314,18.61,18.61,81.309
99.797,62.258,35.411,18.769,18.769,81.028
99.938,61.798,36.444,19.07,19.07,80.868
99.627,62.389,38.197,18.619,18.619,81.008
99.881,62.267,36.53,18.807,18.807,81.074
99.982,62.182,34.263,18.9,18.9,81.082
99.566,63.098,33.497,18.234,18.234,81.332
100.11,61.471,36.534,19.318,19.318,80.789
99.613,62.39,36.446,18.611,18.611,81.001
100.1,62.094,35.705,19.001,19.001,81.096
100.26,62.394,38.358,18.933,18.933,81.328
99.689,61.982,38.643,18.854,18.854,80.835
100.07,62.419,39.422,18.824,18.824,81.243
100.38,61.773,38.589,19.303,19.303,81.076
99.831,62.07,38.013,18.88,18.88,80.951
100.1,61.992,39.05,19.054,19.054,81.046
99.525,62.304,36.434,18.61,18.61,80.915
99.565,62.284,36.702,18.64,18.64,80.925
100.21,61.783,39.473,19.213,19.213,80.996
99.411,62.371,40.245,18.52,18.52,80.891
100.27,62.285,33.099,18.992,18.992,81.277
99.905,61.413,35.83,19.246,19.246,80.659
99.914,62.575,38.658,18.67,18.67,81.245
99.739,61.675,40.438,19.032,19.032,80.707
99.751,61.945,35.071,18.903,18.903,80.848
100.17,61.766,42.066,19.203,19.203,80.969
99.717,61.702,35.261,19.007,19.007,80.71
99.718,62.209,35.139,18.755,18.755,80.963
99.832,62.707,36.617,18.562,18.562,81.27
99.418,62.188,38.563,18.615,18.615,80.803
99.795,61.833,33.677,18.981,18.981,80.814
99.523,62.079,36.438,18.722,18.722,80.801
99.325,62.102,35.978,18.611,18.611,80.713
99.998,62.076,37.171,18.961,18.961,81.037
100.02,61.875,38.235,19.073,19.073,80.948
100.19,61.214,36.488,19.49,19.49,80.704
100.17,62.105,38.191,19.034,19.034,81.138
99.914,61.617,35.023,19.149,19.149,80.766
99.305,62.302,39.684,18.501,18.501,80.803
99.845,61.85,37.778,18.998,18.998,80.847
99.945,61.468,37.122,19.239,19.239,80.707
99.351,62.319,37.13,18.516,18.516,80.835
99.932,61.793,37.468,19.07,19.07,80.863
100.11,61.578,35.828,19.267,19.267,80.845
100.02,62.288,38.439,18.865,18.865,81.152
100.05,62.549,35.037,18.75,18.75,81.299
100.23,61.147,34.944,19.541,19.541,80.688
99.912,62.265,39.717,18.823,18.823,81.089
99.718,62.342,39.175,18.688,18.688,81.03
100.1,61.964,36.566,19.067,19.067,81.031
99.972,62.343,39.016,18.814,18.814,81.158
99.921,62.208,38.4,18.857,18.857,81.065
99.742,62.627,36.072,18.557,18.557,81.184
99.78,61.343,36.983,19.218,19.218,80.562
99.302,62.017,37.839,18.642,18.642,80.66
99.856,62.283,38.273,18.786,18.786,81.069
99.939,60.903,36.735,19.518,19.518,80.421
99.8,62.272,35.371,18.764,18.764,81.036
100.06,62.787,37.667,18.635,18.635,81.422
99.807,62.52,32.058,18.644,18.644,81.163
99.992,62.285,36.815,18.853,18.853,81.139
99.7,62.865,36.644,18.418,18.418,81.282
99.551,62.971,37.766,18.29,18.29,81.261
100.06,61.983,35.264,19.04,19.04,81.023
100.05,61.946,36.817,19.05,19.05,80.995
99.508,62.369,36.411,18.57,18.57,80.938
99.878,61.57,36.975,19.154,19.154,80.724
99.665,62.458,35.848,18.603,18.603,81.061
99.809,62.174,37.643,18.818,18.818,80.991
100.1,62.189,41.63,18.956,18.956,81.145
99.239,61.936,38.198,18.651,18.651,80.588
100.24,62.115,34.574,19.061,19.061,81.176
99.841,61.286,35.671,19.278,19.278,80.563
99.794,60.173,37.49,19.81,19.81,79.983
99.805,62.617,38.318,18.594,18.594,81.211
100.38,61.066,32.829,19.655,19.655,80.721
99.47,62.012,38.096,18.729,18.729,80.741
99.912,62.303,38.749,18.805,18.805,81.107
99.808,62.173,35.605,18.817,18.817,80.99
99.6,61.901,36.28,18.849,18.849,80.751
99.832,62.228,39.006,18.802,18.802,81.03
99.806,61.773,36.809,19.017,19.017,80.789
99.808,62.789,36.389,18.51,18.51,81.299
99.628,62.734,35.373,18.447,18.447,81.181
99.817,62.708,36.186,18.554,18.554,81.263
100.04,62.358,40.753,18.843,18.843,81.201
100.24,61.711,38.673,19.265,19.265,80.975
99.25,62.434,37.635,18.408,18.408,80.842
99.6,62.147,41.287,18.727,18.727,80.874
99.585,62.544,39.428,18.52,18.52,81.064
99.626,62.197,37.886,18.715,18.715,80.911
99.84,62.578,42.766,18.631,18.631,81.209
99.984,61.7,34.936,19.142,19.142,80.842
99.905,61.999,35.502,18.953,18.953,80.952
100.11,62.168,36.72,18.972,18.972,81.14
99.781,62.882,40.63,18.45,18.45,81.332
100.2,61.667,39.575,19.265,19.265,80.932
100.06,61.725,35.057,19.165,19.165,80.89
99.586,63.077,38.493,18.254,18.254,81.332
100.15,61.549,37.499,19.301,19.301,80.85
99.425,62.008,36.734,18.708,18.708,80.717
100.11,61.815,38.46,19.145,19.145,80.961
100.13,61.295,40.406,19.417,19.417,80.712
99.602,61.939,37.823,18.831,18.831,80.77
99.83,62.003,35.504,18.914,18.914,80.916
100.29,61.801,33.78,19.246,19.246,81.047
99.789,62.443,36.335,18.673,18.673,81.116
99.746,62.149,38.719,18.799,18.799,80.948
99.815,62.016,37.733,18.9,18.9,80.915
100.05,61.619,33.199,19.215,19.215,80.834
99.734,62.819,37.884,18.457,18.457,81.277
100.11,61.582,35.187,19.266,19.266,80.848
100.28,62.501,35.681,18.889,18.889,81.39
100.01,62.217,36.064,18.898,18.898,81.115
99.438,62.836,36.405,18.301,18.301,81.137
99.329,62.561,37.568,18.384,18.384,80.945
100.22,62.407,35.256,18.905,18.905,81.311
99.913,61.074,35.592,19.42,19.42,80.494
99.901,62.17,33.871,18.866,18.866,81.036
99.93,63.173,36.354,18.378,18.378,81.551
99.52,62.451,40.639,18.534,18.534,80.985
100.0,61.933,37.713,19.036,19.036,80.969
100.03,62.368,39.918,18.829,18.829,81.197
99.485,61.907,39.113,18.789,18.789,80.696
99.949,62.33,37.866,18.809,18.809,81.139
100.32,61.627,36.661,19.346,19.346,80.973
99.489,62.057,32.672,18.716,18.716,80.773
99.877,61.75,38.19,19.063,19.063,80.814
100.18,61.679,35.823,19.25,19.25,80.929
99.965,61.572,36.873,19.196,19.196,80.769
100.06,61.881,36.193,19.088,19.088,80.968
99.857,61.752,40.344,19.053,19.053,80.804
99.763,62.651,35.363,18.556,18.556,81.207
99.52,62.383,38.15,18.569,18.569,80.951
99.733,61.456,36.933,19.139,19.139,80.595
99.608,62.712,35.935,18.448,18.448,81.16
100.39,62.151,35.26,19.117,19.117,81.268
99.866,62.439,34.879,18.714,18.714,81.152
100.07,62.164,40.912,18.952,18.952,81.116
99.471,62.209,36.549,18.631,18.631,80.84
100.13,61.282,37.59,19.422,19.422,80.704
99.696,62.325,35.294,18.686,18.686,81.01
100.19,62.081,38.561,19.053,19.053,81.135
100.12,61.454,36.72,19.331,19.331,80.785
100.05,62.253,37.52,18.898,18.898,81.151
99.619,61.934,39.303,18.843,18.843,80.777
99.921,61.577,36.557,19.172,19.172,80.749
99.562,62.076,37.187,18.743,18.743,80.819
99.82,61.89,38.219,18.965,18.965,80.855
99.555,62.744,36.897,18.406,18.406,81.149
99.517,62.574,36.022,18.471,18.471,81.045
99.779,61.951,33.367,18.914,18.914,80.865
100.05,61.539,39.536,19.254,19.254,80.793
99.553,61.829,37.563,18.862,18.862,80.691
99.909,61.433,33.122,19.238,19.238,80.671
100.31,60.934,34.859,19.689,19.689,80.623
99.474,61.818,34.493,18.828,18.828,80.646
99.998,62.288,37.42,18.855,18.855,81.143
99.694,62.592,40.669,18.551,18.551,81.143
99.936,62.408,37.252,18.764,18.764,81.172
100.01,62.009,35.605,19.001,19.001,81.01
100.17,60.26,36.689,19.957,19.957,80.217
99.81,61.433,37.651,19.188,19.188,80.622
100.58,60.593,37.811,19.992,19.992,80.585
99.761,61.722,34.959,19.019,19.019,80.742
99.94,62.485,36.946,18.727,18.727,81.213
99.514,61.922,40.102,18.796,18.796,80.718
100.14,62.13,36.169,19.007,19.007,81.136
99.853,61.998,36.951,18.927,18.927,80.926
99.592,62.017,38.65,18.787,18.787,80.804
100.01,62.711,34.053,18.65,18.65,81.36
99.532,62.083,36.862,18.724,18.724,80.808
99.953,61.628,34.372,19.163,19.163,80.79
99.835,61.939,35.631,18.948,18.948,80.887
99.706,63.133,37.335,18.286,18.286,81.419
99.961,62.104,36.814,18.929,18.929,81.032
99.877,61.897,38.212,18.99,18.99,80.887
99.88,62.744,36.8,18.568,18.568,81.312
100.24,61.716,35.802,19.263,19.263,80.98
99.842,62.114,38.631,18.864,18.864,80.978
99.942,61.566,33.175,19.188,19.188,80.754
99.416,63.322,36.611,18.047,18.047,81.369
99.948,62.506,37.456,18.721,18.721,81.227
99.489,62.315,34.577,18.587,18.587,80.902
100.2,62.538,38.589,18.831,18.831,81.369
99.97,62.877,37.709,18.546,18.546,81.424
99.968,61.151,37.526,19.408,19.408,80.559
99.431,61.973,39.843,18.729,18.729,80.702
99.886,62.286,36.654,18.8,18.8,81.086
100.45,61.684,39.13,19.386,19.386,81.069
99.761,62.096,39.897,18.832,18.832,80.928
99.906,61.672,39.566,19.117,19.117,80.789
99.486,62.063,37.453,18.711,18.711,80.774
99.713,62.95,40.612,18.381,18.381,81.331
100.08,62.774,39.895,18.651,18.651,81.425
99.609,62.058,34.965,18.776,18.776,80.834
99.492,62.837,38.195,18.327,18.327,81.164
99.4,61.627,34.094,18.886,18.886,80.513
99.836,61.976,37.169,18.93,18.93,80.906
99.744,62.507,41.637,18.619,18.619,81.126
100.32,62.227,35.775,19.049,19.049,81.276
99.449,61.47,37.961,18.989,18.989,80.46
99.934,61.96,37.395,18.987,18.987,80.947
99.067,62.659,37.421,18.204,18.204,80.863
99.811,62.504,36.331,18.653,18.653,81.157
100.28,62.066,35.04,19.109,19.109,81.175
100.08,62.447,36.465,18.816,18.816,81.263
99.585,62.106,38.178,18.739,18.739,80.846
99.974,62.95,36.935,18.512,18.512,81.462
100.06,62.358,39.256,18.85,18.85,81.208
99.536,62.711,38.898,18.413,18.413,81.124
99.578,61.89,35.649,18.844,18.844,80.734
100.13,61.563,35.993,19.283,19.283,80.846
99.787,62.658,37.032,18.565,18.565,81.223
99.681,62.038,37.351,18.821,18.821,80.86
99.177,62.894,39.591,18.142,18.142,81.036
99.991,61.892,36.236,19.05,19.05,80.942
99.708,62.032,35.138,18.838,18.838,80.87
99.403,62.0,36.865,18.702,18.702,80.701
99.803,61.587,37.694,19.108,19.108,80.695
99.671,61.571,36.296,19.05,19.05,80.621
100.08,62.155,36.827,18.963,18.963,81.118
99.938,61.63,37.056,19.154,19.154,80.784
100.08,62.032,37.504,19.025,19.025,81.058
99.947,62.024,37.006,18.962,18.962,80.985
100.05,61.83,39.469,19.112,19.112,80.942
99.612,63.131,36.685,18.241,18.241,81.371
99.393,61.758,37.006,18.817,18.817,80.575
99.69,62.401,35.21,18.645,18.645,81.046
99.773,61.611,35.846,19.081,19.081,80.692
100.13,61.673,33.636,19.227,19.227,80.9
99.592,62.428,37.243,18.582,18.582,81.01
100.02,62.423,37.337,18.797,18.797,81.221
99.807,61.866,36.339,18.971,18.971,80.837
99.893,61.734,36.319,19.08,19.08,80.814
99.976,61.784,34.69,19.096,19.096,80.88
99.974,62.436,38.983,18.769,18.769,81.205
99.705,62.98,37.42,18.362,18.362,81.343
100.2,61.866,36.629,19.166,19.166,81.032
99.992,61.709,38.578,19.142,19.142,80.85
100.09,61.566,37.32,19.261,19.261,80.826
100.05,61.919,37.335,19.064,19.064,80.984
99.835,62.204,35.837,18.815,18.815,81.02
99.729,62.034,35.299,18.847,18.847,80.881
99.788,62.235,37.975,18.777,18.777,81.012
99.768,61.744,34.81,19.012,19.012,80.756
99.594,62.527,40.601,18.534,18.534,81.061
99.617,61.742,38.663,18.937,18.937,80.679
99.799,62.273,38.252,18.763,18.763,81.036
99.979,61.399,38.578,19.29,19.29,80.689
100.33,61.843,39.316,19.243,19.243,81.086
99.57,62.672,34.847,18.449,18.449,81.121
99.808,61.855,37.17,18.976,18.976,80.832
99.934,61.887,36.591,19.023,19.023,80.91
100.15,61.824,37.205,19.163,19.163,80.988
100.48,61.679,39.164,19.402,19.402,81.08
99.776,62.505,39.239,18.635,18.635,81.141
99.879,61.855,36.311,19.012,19.012,80.867
99.876,62.158,37.141,18.859,18.859,81.017
100.02,61.438,35.761,19.293,19.293,80.731
100.3,61.675,40.069,19.312,19.312,80.986
99.745,61.624,40.428,19.061,19.061,80.684
99.479,62.335,35.833,18.572,18.572,80.907
99.861,61.468,37.136,19.196,19.196,80.665
99.972,61.758,34.497,19.107,19.107,80.865
99.812,61.745,36.933,19.033,19.033,80.779
99.837,62.659,36.991,18.589,18.589,81.248
99.846,62.874,34.367,18.486,18.486,81.36
99.699,62.282,38.2,18.708,18.708,80.991
99.721,62.678,38.875,18.521,18.521,81.2
100.13,61.36,39.157,19.385,19.385,80.744
99.852,62.638,34.084,18.607,18.607,81.245
99.217,62.139,36.563,18.539,18.539,80.678
99.742,62.918,33.552,18.412,18.412,81.33
100.45,61.388,38.389,19.529,19.529,80.916
99.942,63.005,36.926,18.469,18.469,81.474
99.898,62.107,38.51,18.895,18.895,81.002
99.91,61.392,37.291,19.259,19.259,80.651
99.711,61.999,36.508,18.856,18.856,80.855
100.08,61.301,34.838,19.392,19.392,80.693
100.21,62.344,35.167,18.933,18.933,81.277
99.932,61.69,37.173,19.121,19.121,80.811
99.718,61.504,39.896,19.107,19.107,80.611
99.816,61.825,35.773,18.995,18.995,80.821
100.19,62.281,38.575,18.956,18.956,81.237
100.02,61.395,35.728,19.312,19.312,80.707
100.06,61.812,41.162,19.122,19.122,80.934
99.842,62.072,32.571,18.885,18.885,80.957
99.681,62.259,36.343,18.711,18.711,80.97
99.372,62.934,37.917,18.219,18.219,81.153
99.703,62.211,36.597,18.746,18.746,80.957
99.819,62.248,37.666,18.786,18.786,81.034
99.709,62.63,37.079,18.539,18.539,81.169
99.686,61.75,39.251,18.968,18.968,80.718
99.764,62.15,34.049,18.807,18.807,80.957
99.829,61.866,36.035,18.982,18.982,80.847
100.24,61.199,36.536,19.522,19.522,80.72
99.542,62.607,37.254,18.468,18.468,81.074
99.936,61.99,37.341,18.973,18.973,80.963
100.12,62.088,35.384,19.015,19.015,81.103
99.483,62.537,37.459,18.473,18.473,81.01
100.11,61.869,36.138,19.119,19.119,80.988
99.813,62.391,36.598,18.711,18.711,81.102
100.05,61.896,36.399,19.076,19.076,80.972
99.915,63.124,34.453,18.396,18.396,81.52
99.769,62.181,36.477,18.794,18.794,80.975
100.02,61.72,34.597,19.151,19.151,80.871
99.729,62.206,36.274,18.761,18.761,80.968
99.471,61.961,36.451,18.755,18.755,80.716
99.751,62.39,34.753,18.681,18.681,81.07
99.715,62.099,38.948,18.808,18.808,80.907
99.437,61.837,40.616,18.8,18.8,80.637
99.548,62.598,36.163,18.475,18.475,81.073
100.13,62.084,37.143,19.022,19.022,81.106
99.985,62.537,35.394,18.724,18.724,81.261
99.419,63.004,38.006,18.208,18.208,81.211
100.49,61.777,36.366,19.355,19.355,81.132
100.09,62.355,39.944,18.869,18.869,81.224
99.793,62.931,37.155,18.431,18.431,81.362
99.802,62.229,34.45,18.787,18.787,81.015
99.869,61.749,40.328,19.06,19.06,80.809
100.52,61.474,35.311,19.52,19.52,80.995
99.878,61.249,35.96,19.314,19.314,80.563
99.702,61.613,36.083,19.044,19.044,80.658
100.06,61.942,36.487,19.06,19.06,81.003
99.878,62.326,33.446,18.776,18.776,81.102
99.918,62.535,37.93,18.692,18.692,81.226
99.544,62.642,37.362,18.451,18.451,81.093
100.04,61.643,35.179,19.198,19.198,80.841
99.785,61.927,37.805,18.929,18.929,80.856
99.521,62.699,36.184,18.411,18.411,81.11
99.608,62.646,36.277,18.481,18.481,81.127
99.644,62.443,37.927,18.6,18.6,81.043
99.225,62.998,38.351,18.114,18.114,81.112
99.459,61.94,36.884,18.759,18.759,80.7
100.1,61.673,37.098,19.211,19.211,80.884
99.229,62.582,38.827,18.323,18.323,80.906
99.333,62.815,36.901,18.259,18.259,81.074
99.803,61.495,38.707,19.154,19.154,80.649
100.25,61.223,36.822,19.513,19.513,80.736
99.522,62.195,35.044,18.664,18.664,80.858
100.03,62.448,36.468,18.791,18.791,81.238
100.3,61.228,38.386,19.537,19.537,80.766
99.872,61.343,38.459,19.264,19.264,80.607
99.815,61.63,39.92,19.092,19.092,80.723
99.542,61.771,40.701,18.885,18.885,80.657
99.938,61.463,34.432,19.237,19.237,80.701
99.979,62.44,31.884,18.77,18.77,81.209
99.973,61.776,35.724,19.098,19.098,80.875
100.26,61.479,37.93,19.389,19.389,80.867
99.807,61.875,36.486,18.966,18.966,80.841
100.12,61.754,35.845,19.181,19.181,80.934
99.475,62.066,34.531,18.705,18.705,80.77
100.04,62.159,39.152,18.942,18.942,81.1
99.981,61.708,36.271,19.137,19.137,80.844
99.847,61.93,35.326,18.958,18.958,80.889
99.638,61.839,36.624,18.9,18.9,80.738
99.471,61.905,36.203,18.783,18.783,80.688
99.966,62.665,37.436,18.65,18.65,81.315
100.18,61.3,37.091,19.439,19.439,80.739
100.02,61.73,35.248,19.145,19.145,80.875
100.11,61.771,39.123,19.171,19.171,80.941
99.709,61.653,33.721,19.028,19.028,80.681
99.654,62.673,35.513,18.491,18.491,81.164
99.929,62.714,40.337,18.608,18.608,81.321
99.957,62.044,39.944,18.956,18.956,81.001
100.17,61.813,34.518,19.18,19.18,80.993
100.17,62.254,35.598,18.958,18.958,81.212
99.599,62.215,33.978,18.692,18.692,80.907
100.13,62.732,38.959,18.7,18.7,81.432
99.897,61.652,37.35,19.122,19.122,80.775
99.688,62.23,36.109,18.729,18.729,80.959
100.15,61.977,38.579,19.084,19.084,81.061
99.82,62.658,37.817,18.581,18.581,81.239
100.3,61.78,35.994,19.261,19.261,81.041
99.49,62.04,38.383,18.725,18.725,80.765
99.56,61.876,38.911,18.842,18.842,80.718
100.04,62.281,39.546,18.882,18.882,81.163
99.379,62.418,36.644,18.481,18.481,80.899
99.98,61.498,36.408,19.241,19.241,80.739
99.837,62.474,34.203,18.681,18.681,81.155
99.751,62.699,40.209,18.526,18.526,81.225
99.696,62.395,36.026,18.651,18.651,81.045
99.304,62.011,37.436,18.647,18.647,80.657
100.07,61.946,36.316,19.061,19.061,81.006
100.12,61.631,35.893,19.242,19.242,80.873
100.01,61.512,38.176,19.251,19.251,80.763
100.15,62.426,37.483,18.862,18.862,81.288
100.01,62.053,34.636,18.977,18.977,81.029
100.2,61.635,37.007,19.284,19.284,80.919
100.48,60.894,38.209,19.795,19.795,80.689
99.935,61.92,36.15,19.008,19.008,80.928
99.772,62.237,40.458,18.767,18.767,81.004
99.99,62.58,37.375,18.705,18.705,81.285
100.1,60.92,37.634,19.592,19.592,80.512
100.05,62.033,37.455,19.006,19.006,81.039
99.83,62.562,37.694,18.634,18.634,81.196
99.572,61.849,38.072,18.862,18.862,80.711
99.58,61.939,40.909,18.821,18.821,80.759
100.12,61.72,38.29,19.2,19.2,80.92
99.608,62.154,37.233,18.727,18.727,80.881
99.505,61.738,36.405,18.884,18.884,80.621
100.26,60.787,35.028,19.738,19.738,80.525
99.663,61.422,37.365,19.12,19.12,80.543
99.81,62.058,37.952,18.876,18.876,80.934
99.991,61.669,32.368,19.161,19.161,80.83
100.16,61.587,38.692,19.285,19.285,80.872
100.13,61.637,33.086,19.245,19.245,80.882
99.805,62.527,37.844,18.639,18.639,81.166
99.918,61.343,38.945,19.287,19.287,80.63
100.11,61.191,39.293,19.459,19.459,80.65
99.959,61.811,38.376,19.074,19.074,80.885
99.942,62.414,35.508,18.764,18.764,81.178
100.05,61.382,36.457,19.333,19.333,80.715
100.2,62.06,34.902,19.071,19.071,81.13
100.06,61.899,36.821,19.08,19.08,80.979
99.978,62.598,37.126,18.69,18.69,81.288
100.59,60.57,36.437,20.008,20.008,80.578
99.772,62.951,35.553,18.41,18.41,81.362
100.05,62.408,39.465,18.821,18.821,81.229
100.39,62.691,37.12,18.849,18.849,81.54
99.978,61.94,35.033,19.019,19.019,80.959
100.07,61.992,31.85,19.037,19.037,81.029
99.771,61.822,37.914,18.975,18.975,80.796
99.767,62.114,36.014,18.827,18.827,80.94
100.06,61.671,41.206,19.195,19.195,80.866
99.65,62.475,40.58,18.588,18.588,81.062
100.03,61.718,35.575,19.155,19.155,80.873
100.33,61.319,36.171,19.508,19.508,80.826
100.02,62.399,35.356,18.811,18.811,81.21
99.96,61.606,35.919,19.177,19.177,80.783
99.698,62.549,35.521,18.574,18.574,81.124
99.858,61.854,36.89,19.002,19.002,80.856
99.708,62.819,36.753,18.445,18.445,81.263
99.864,62.294,39.845,18.785,18.785,81.079
99.629,62.235,36.922,18.697,18.697,80.932
99.935,61.578,38.42,19.179,19.179,80.757
99.455,61.58,36.219,18.937,18.937,80.517
99.899,62.53,37.855,18.685,18.685,81.214
99.713,61.607,38.141,19.053,19.053,80.66
100.39,61.363,38.645,19.512,19.512,80.875
100.03,61.169,33.59,19.429,19.429,80.597
100.23,61.779,36.376,19.226,19.226,81.005
100.05,61.852,37.882,19.1,19.1,80.952
100.24,61.047,36.609,19.594,19.594,80.642
100.36,61.506,34.954,19.429,19.429,80.935
99.662,61.876,35.812,18.893,18.893,80.769
100.4,61.047,37.209,19.677,19.677,80.724
99.623,62.548,38.516,18.537,18.537,81.085
99.8,62.38,36.715,18.71,18.71,81.09
99.915,62.185,35.974,18.865,18.865,81.05
100.08,62.098,35.598,18.992,18.992,81.091
99.154,62.168,38.086,18.493,18.493,80.661
99.857,62.073,39.571,18.892,18.892,80.965
99.744,61.747,38.75,18.998,18.998,80.745
99.765,61.836,38.821,18.964,18.964,80.8
100.06,61.508,37.776,19.276,19.276,80.784
99.813,63.049,37.436,18.382,18.382,81.431
99.793,62.308,37.291,18.742,18.742,81.051
100.05,61.539,35.847,19.255,19.255,80.794
99.969,61.736,39.581,19.116,19.116,80.852
99.605,62.753,38.504,18.426,18.426,81.179
99.703,63.297,36.261,18.203,18.203,81.5
100.59,61.109,37.332,19.739,19.739,80.848
99.623,61.539,36.677,19.042,19.042,80.581
100.04,61.126,36.663,19.458,19.458,80.584
100.0,62.104,37.604,18.949,18.949,81.053
99.727,62.204,33.861,18.762,18.762,80.966
100.43,61.572,34.105,19.429,19.429,81.001
99.561,61.116,38.635,19.222,19.222,80.339
99.796,61.896,36.155,18.95,18.95,80.846
99.75,62.535,34.454,18.608,18.608,81.143
99.889,61.345,35.555,19.272,19.272,80.617
100.13,62.696,35.497,18.715,18.715,81.412
100.03,61.978,38.384,19.027,19.027,81.005
99.518,62.563,38.103,18.478,18.478,81.04
100.12,61.815,36.519,19.154,19.154,80.969
100.12,62.235,35.619,18.941,18.941,81.175
99.796,61.741,39.029,19.028,19.028,80.769
99.836,61.346,38.793,19.245,19.245,80.591
99.963,62.314,36.476,18.825,18.825,81.139
99.457,62.386,39.37,18.536,18.536,80.921
99.953,62.181,38.912,18.886,18.886,81.067
100.09,62.045,35.234,19.022,19.022,81.067
99.798,61.625,35.614,19.086,19.086,80.711
100.22,61.958,33.786,19.131,19.131,81.089
99.574,62.186,39.732,18.694,18.694,80.88
99.826,62.53,36.411,18.648,18.648,81.178
99.606,62.632,37.294,18.487,18.487,81.119
100.35,61.359,35.592,19.494,19.494,80.852
99.931,62.268,33.817,18.832,18.832,81.099
100.18,61.684,38.481,19.25,19.25,80.934
99.925,62.056,38.168,18.935,18.935,80.99
100.04,61.362,35.965,19.34,19.34,80.702
99.902,62.083,41.421,18.91,18.91,80.992
99.74,62.27,37.835,18.735,18.735,81.005
100.53,61.573,39.713,19.476,19.476,81.049
99.802,62.863,35.956,18.47,18.47,81.332
99.764,61.839,36.645,18.962,18.962,80.802
100.28,61.771,39.112,19.255,19.255,81.026
99.99,61.921,38.944,19.034,19.034,80.955
99.603,63.2,38.883,18.201,18.201,81.401
99.831,62.383,34.188,18.724,18.724,81.107
100.11,61.917,33.354,19.095,19.095,81.011
99.663,62.607,40.807,18.528,18.528,81.135
99.776,61.893,35.652,18.941,18.941,80.834
99.895,62.005,41.211,18.945,18.945,80.95
99.49,62.411,40.09,18.54,18.54,80.95
100.1,61.748,36.595,19.178,19.178,80.926
100.77,61.951,34.973,19.409,19.409,81.36
99.416,62.831,37.146,18.293,18.293,81.124
99.595,62.947,37.023,18.324,18.324,81.271
99.593,62.422,33.744,18.585,18.585,81.007
99.801,62.648,36.96,18.576,18.576,81.225
99.972,61.666,36.711,19.153,19.153,80.819
100.55,61.768,35.406,19.39,19.39,81.158
99.997,61.189,38.532,19.404,19.404,80.593
99.732,62.753,37.986,18.489,18.489,81.243
99.837,62.079,35.216,18.879,18.879,80.958
99.85,61.849,35.472,19.0,19.0,80.85
100.06,61.782,37.714,19.139,19.139,80.921
99.41,61.973,36.031,18.718,18.718,80.691
99.628,62.524,35.529,18.552,18.552,81.076
100.12,61.717,34.879,19.2,19.2,80.917
99.434,62.876,37.586,18.279,18.279,81.155
100.22,62.331,38.684,18.943,18.943,81.274
99.697,62.766,35.754,18.466,18.466,81.231
100.1,61.528,35.587,19.284,19.284,80.811
99.997,62.253,40.124,18.872,18.872,81.125
99.575,62.823,37.892,18.376,18.376,81.199
99.766,62.366,36.101,18.7,18.7,81.066
99.847,61.752,36.407,19.048,19.048,80.8
99.859,62.101,36.34,18.879,18.879,80.98
99.667,62.661,38.636,18.503,18.503,81.164
99.875,61.534,36.832,19.171,19.171,80.704
99.841,62.658,39.954,18.591,18.591,81.25
99.76,61.03,37.002,19.365,19.365,80.395
100.12,62.06,36.106,19.028,19.028,81.089
99.81,62.146,35.035,18.832,18.832,80.978
100.08,62.298,36.454,18.89,18.89,81.188
100.2,61.518,38.6,19.342,19.342,80.86
99.469,62.273,34.349,18.598,18.598,80.871
99.492,62.361,35.04,18.566,18.566,80.926
