mass_isotope,intensity_std_error,ms_id,experiment_id,met_id,labelled_atom_ids,unlabelled_atoms,measurement_replicate,time,intensity
0,0.003,Alanine232,inst1,ALA,"[2, 3]",C8H26ONSi2,1,0.1,0.7318372235738365
0,0.003,Alanine260,inst1,ALA,"[1, 2, 3]",C8H26O2NSi2,1,0.1,0.721785858924396
0,0.003,Glycine218,inst1,GLY,[2],C8H24ONSi2,1,0.1,0.7636104271308515
0,0.003,Glycine246,inst1,GLY,"[1, 2]",C8H24O2NSi2,1,0.1,0.7535232668064666
0,0.003,Valine260,inst1,VAL,"[2, 3, 4, 5]",C8H30ONSi2,1,0.1,0.7011203964763454
0,0.003,Valine288,inst1,VAL,"[1, 2, 3, 4, 5]",C8H30O2NSi2,1,0.1,0.691593638588764
0,0.003,Leucine274,inst1,LEU,"[2, 3, 4, 5, 6]",C8H32ONSi2,1,0.1,0.7160256102385498
0,0.003,Isoleucine274,inst1,ILE,"[2, 3, 4, 5, 6]",C8H32ONSi2,1,0.1,0.6975171745382277
0,0.003,Methionine320,inst1,MET,"[2, 3, 4, 5]",C6H24NSiS,1,0.1,0.7617147160368632
0,0.003,Serine362,inst1,SER,"[2, 3]",C14H40O2NSi3,1,0.1,0.6321723954198906
0,0.003,Serine390,inst1,SER,"[1, 2, 3]",C14H40O3NSi3,1,0.1,0.622485119813986
0,0.003,Threonine376,inst1,THR,"[2, 3, 4]",C14H42O2NSi3,1,0.1,0.6276369703782959
0,0.003,Threonine404,inst1,THR,"[1, 2, 3, 4]",C14H42O3NSi3,1,0.1,0.6188295431716921
0,0.003,Phenylalanine302,inst1,PHE,"[1, 2]",C12H32O2NSi2,1,0.1,0.7088524041245521
0,0.003,Phenylalanine308,inst1,PHE,"[2, 3, 4, 5, 6, 7, 8, 9]",C8H30ONSi2,1,0.1,0.6782614105118412
0,0.003,Phenylalanine336,inst1,PHE,"[1, 2, 3, 4, 5, 6, 7, 8, 9]",C8H30O2NSi2,1,0.1,0.6690318512597679
0,0.003,Asparticacid302,inst1,ASP,"[1, 2]",C12H32O2NSi2,1,0.1,0.7096396715751703
0,0.003,Asparticacid390,inst1,ASP,"[2, 3, 4]",C14H40O3NSi3,1,0.1,0.6263134834748598
0,0.003,Asparticacid418,inst1,ASP,"[1, 2, 3, 4]",C14H40O4NSi3,1,0.1,0.6175246283331772
0,0.003,Glutamicacid330,inst1,GLU,"[2, 3, 4, 5]",C12H36O2NSi2,1,0.1,0.696771053402984
0,0.003,Glutamicacid432,inst1,GLU,"[1, 2, 3, 4, 5]",C14H42O4NSi3,1,0.1,0.61760139516715
0,0.003,Histidine338,inst1,HIS,"[2, 3, 4, 5, 6]",C12H36N3Si2,1,0.1,0.6570537984662866
0,0.003,Histidine440,inst1,HIS,"[1, 2, 3, 4, 5, 6]",C14H42O2N3Si3,1,0.1,0.5830381172737584
1,0.003,Alanine232,inst1,ALA,"[2, 3]",C8H26ONSi2,1,0.1,0.1668734677521845
1,0.003,Alanine260,inst1,ALA,"[1, 2, 3]",C8H26O2NSi2,1,0.1,0.17029897980601125
1,0.003,Glycine218,inst1,GLY,[2],C8H24ONSi2,1,0.1,0.15877266892326783
1,0.003,Glycine246,inst1,GLY,"[1, 2]",C8H24O2NSi2,1,0.1,0.1652015662606456
1,0.003,Valine260,inst1,VAL,"[2, 3, 4, 5]",C8H30ONSi2,1,0.1,0.17731171677189517
1,0.003,Valine288,inst1,VAL,"[1, 2, 3, 4, 5]",C8H30O2NSi2,1,0.1,0.18116361123039865
1,0.003,Leucine274,inst1,LEU,"[2, 3, 4, 5, 6]",C8H32ONSi2,1,0.1,0.19408351935446108
1,0.003,Isoleucine274,inst1,ILE,"[2, 3, 4, 5, 6]",C8H32ONSi2,1,0.1,0.1847394832141474
1,0.003,Methionine320,inst1,MET,"[2, 3, 4, 5]",C6H24NSiS,1,0.1,0.14134957691773684
1,0.003,Serine362,inst1,SER,"[2, 3]",C14H40O2NSi3,1,0.1,0.21582528682972413
1,0.003,Serine390,inst1,SER,"[1, 2, 3]",C14H40O3NSi3,1,0.1,0.22060381971942358
1,0.003,Threonine376,inst1,THR,"[2, 3, 4]",C14H42O2NSi3,1,0.1,0.22498062345281275
1,0.003,Threonine404,inst1,THR,"[1, 2, 3, 4]",C14H42O3NSi3,1,0.1,0.22840571071454974
1,0.003,Phenylalanine302,inst1,PHE,"[1, 2]",C12H32O2NSi2,1,0.1,0.19078364420216964
1,0.003,Phenylalanine308,inst1,PHE,"[2, 3, 4, 5, 6, 7, 8, 9]",C8H30ONSi2,1,0.1,0.19710284412561205
1,0.003,Phenylalanine336,inst1,PHE,"[1, 2, 3, 4, 5, 6, 7, 8, 9]",C8H30O2NSi2,1,0.1,0.20183957537673283
1,0.003,Asparticacid302,inst1,ASP,"[1, 2]",C12H32O2NSi2,1,0.1,0.19099070947244906
1,0.003,Asparticacid390,inst1,ASP,"[2, 3, 4]",C14H40O3NSi3,1,0.1,0.22454934700151802
1,0.003,Asparticacid418,inst1,ASP,"[1, 2, 3, 4]",C14H40O4NSi3,1,0.1,0.22796660652658546
1,0.003,Glutamicacid330,inst1,GLU,"[2, 3, 4, 5]",C12H36O2NSi2,1,0.1,0.20214131856137305
1,0.003,Glutamicacid432,inst1,GLU,"[1, 2, 3, 4, 5]",C14H42O4NSi3,1,0.1,0.2323347911504282
1,0.003,Histidine338,inst1,HIS,"[2, 3, 4, 5, 6]",C12H36N3Si2,1,0.1,0.20868844711325243
1,0.003,Histidine440,inst1,HIS,"[1, 2, 3, 4, 5, 6]",C14H42O2N3Si3,1,0.1,0.23458675793794168
2,0.003,Alanine232,inst1,ALA,"[2, 3]",C8H26ONSi2,1,0.1,0.08437252542838783
2,0.003,Alanine260,inst1,ALA,"[1, 2, 3]",C8H26O2NSi2,1,0.1,0.07332148901920107
2,0.003,Glycine246,inst1,GLY,"[1, 2]",C8H24O2NSi2,1,0.1,0.06928270435855033
2,0.003,Valine260,inst1,VAL,"[2, 3, 4, 5]",C8H30ONSi2,1,0.1,0.09095124193746128
2,0.003,Valine288,inst1,VAL,"[1, 2, 3, 4, 5]",C8H30O2NSi2,1,0.1,0.08421766258309835
2,0.003,Leucine274,inst1,LEU,"[2, 3, 4, 5, 6]",C8H32ONSi2,1,0.1,0.07392893184887653
2,0.003,Isoleucine274,inst1,ILE,"[2, 3, 4, 5, 6]",C8H32ONSi2,1,0.1,0.08868739111946551
2,0.003,Methionine320,inst1,MET,"[2, 3, 4, 5]",C6H24NSiS,1,0.1,0.08032853223486258
2,0.003,Serine362,inst1,SER,"[2, 3]",C14H40O2NSi3,1,0.1,0.1154257570226126
2,0.003,Serine390,inst1,SER,"[1, 2, 3]",C14H40O3NSi3,1,0.1,0.10854048393357134
2,0.003,Threonine376,inst1,THR,"[2, 3, 4]",C14H42O2NSi3,1,0.1,0.11081913328296074
2,0.003,Threonine404,inst1,THR,"[1, 2, 3, 4]",C14H42O3NSi3,1,0.1,0.10879571061956118
2,0.003,Phenylalanine302,inst1,PHE,"[1, 2]",C12H32O2NSi2,1,0.1,0.08202453019173248
2,0.003,Phenylalanine308,inst1,PHE,"[2, 3, 4, 5, 6, 7, 8, 9]",C8H30ONSi2,1,0.1,0.08042184471104022
2,0.003,Phenylalanine336,inst1,PHE,"[1, 2, 3, 4, 5, 6, 7, 8, 9]",C8H30O2NSi2,1,0.1,0.07953249474118214
2,0.003,Asparticacid302,inst1,ASP,"[1, 2]",C12H32O2NSi2,1,0.1,0.08130142982583782
2,0.003,Asparticacid390,inst1,ASP,"[2, 3, 4]",C14H40O3NSi3,1,0.1,0.11188166368425348
2,0.003,Asparticacid418,inst1,ASP,"[1, 2, 3, 4]",C14H40O4NSi3,1,0.1,0.10984477081959197
2,0.003,Glutamicacid330,inst1,GLU,"[2, 3, 4, 5]",C12H36O2NSi2,1,0.1,0.08124582763244476
2,0.003,Glutamicacid432,inst1,GLU,"[1, 2, 3, 4, 5]",C14H42O4NSi3,1,0.1,0.11202632166562496
2,0.003,Histidine338,inst1,HIS,"[2, 3, 4, 5, 6]",C12H36N3Si2,1,0.1,0.09006167269333795
2,0.003,Histidine440,inst1,HIS,"[1, 2, 3, 4, 5, 6]",C14H42O2N3Si3,1,0.1,0.11495541202388943
3,0.003,Alanine260,inst1,ALA,"[1, 2, 3]",C8H26O2NSi2,1,0.1,0.027375532632112582
3,0.003,Valine288,inst1,VAL,"[1, 2, 3, 4, 5]",C8H30O2NSi2,1,0.1,0.026787631932388527
3,0.003,Leucine274,inst1,LEU,"[2, 3, 4, 5, 6]",C8H32ONSi2,1,0.1,0.01320716643161929
3,0.003,Isoleucine274,inst1,ILE,"[2, 3, 4, 5, 6]",C8H32ONSi2,1,0.1,0.019778934120222875
3,0.003,Methionine320,inst1,MET,"[2, 3, 4, 5]",C6H24NSiS,1,0.1,0.013052199204368205
3,0.003,Threonine404,inst1,THR,"[1, 2, 3, 4]",C14H42O3NSi3,1,0.1,0.0320148144585219
3,0.003,Phenylalanine308,inst1,PHE,"[2, 3, 4, 5, 6, 7, 8, 9]",C8H30ONSi2,1,0.1,0.01824606848732319
3,0.003,Phenylalanine336,inst1,PHE,"[1, 2, 3, 4, 5, 6, 7, 8, 9]",C8H30O2NSi2,1,0.1,0.021482118549425607
3,0.003,Asparticacid390,inst1,ASP,"[2, 3, 4]",C14H40O3NSi3,1,0.1,0.02825733818535914
3,0.003,Asparticacid418,inst1,ASP,"[1, 2, 3, 4]",C14H40O4NSi3,1,0.1,0.03242047125554613
3,0.003,Glutamicacid330,inst1,GLU,"[2, 3, 4, 5]",C12H36O2NSi2,1,0.1,0.015855383330822394
3,0.003,Glutamicacid432,inst1,GLU,"[1, 2, 3, 4, 5]",C14H42O4NSi3,1,0.1,0.028602840497825948
3,0.003,Histidine338,inst1,HIS,"[2, 3, 4, 5, 6]",C12H36N3Si2,1,0.1,0.027337761490096323
3,0.003,Histidine440,inst1,HIS,"[1, 2, 3, 4, 5, 6]",C14H42O2N3Si3,1,0.1,0.034978137873102146
4,0.003,Valine260,inst1,VAL,"[2, 3, 4, 5]",C8H30ONSi2,1,0.1,0.008866504396739198
4,0.003,Valine288,inst1,VAL,"[1, 2, 3, 4, 5]",C8H30O2NSi2,1,0.1,0.008598725756776402
4,0.003,Leucine274,inst1,LEU,"[2, 3, 4, 5, 6]",C8H32ONSi2,1,0.1,0.0023691282680018033
4,0.003,Phenylalanine308,inst1,PHE,"[2, 3, 4, 5, 6, 7, 8, 9]",C8H30ONSi2,1,0.1,0.013164935726438794
4,0.003,Asparticacid418,inst1,ASP,"[1, 2, 3, 4]",C14H40O4NSi3,1,0.1,0.009333913850424312
4,0.003,Glutamicacid330,inst1,GLU,"[2, 3, 4, 5]",C12H36O2NSi2,1,0.1,0.003390630680362564
4,0.003,Glutamicacid432,inst1,GLU,"[1, 2, 3, 4, 5]",C14H42O4NSi3,1,0.1,0.007586025304501713
4,0.003,Histidine338,inst1,HIS,"[2, 3, 4, 5, 6]",C12H36N3Si2,1,0.1,0.012587238143669941
5,0.003,Valine288,inst1,VAL,"[1, 2, 3, 4, 5]",C8H30O2NSi2,1,0.1,0.005946614531984541
5,0.003,Histidine338,inst1,HIS,"[2, 3, 4, 5, 6]",C12H36N3Si2,1,0.1,0.003226866219026515
0,0.003,CO2,inst1,CO2.ext,[1],O2,1,0.1,0.7883184315850944
1,0.003,CO2,inst1,CO2.ext,[1],O2,1,0.1,0.20744800021537924
0,0.003,Pyruvate,inst1,PYR,"[1, 2, 3]",H4O3,1,0.1,0.4879338082446452
1,0.003,Pyruvate,inst1,PYR,"[1, 2, 3]",H4O3,1,0.1,0.1175063829033792
2,0.003,Pyruvate,inst1,PYR,"[1, 2, 3]",H4O3,1,0.1,0.10226535731786214
3,0.003,Pyruvate,inst1,PYR,"[1, 2, 3]",H4O3,1,0.1,0.28938983721355194
0,0.003,Oxaloacetate,inst1,OAA,"[1, 2, 3, 4]",H4O5,1,0.1,0.513948023570957
1,0.003,Oxaloacetate,inst1,OAA,"[1, 2, 3, 4]",H4O5,1,0.1,0.17518656088132295
2,0.003,Oxaloacetate,inst1,OAA,"[1, 2, 3, 4]",H4O5,1,0.1,0.12859494110234698
3,0.003,Oxaloacetate,inst1,OAA,"[1, 2, 3, 4]",H4O5,1,0.1,0.14330444344207896
4,0.003,Oxaloacetate,inst1,OAA,"[1, 2, 3, 4]",H4O5,1,0.1,0.037043695576475334
0,0.003,Alanine232,inst1,ALA,"[2, 3]",C8H26ONSi2,1,1.0,0.3755524917686297
0,0.003,Alanine260,inst1,ALA,"[1, 2, 3]",C8H26O2NSi2,1,1.0,0.34949858896999336
0,0.003,Glycine218,inst1,GLY,[2],C8H24ONSi2,1,1.0,0.7636104271308515
0,0.003,Glycine246,inst1,GLY,"[1, 2]",C8H24O2NSi2,1,1.0,0.7535232668064665
0,0.003,Valine260,inst1,VAL,"[2, 3, 4, 5]",C8H30ONSi2,1,1.0,0.26610220260296336
0,0.003,Valine288,inst1,VAL,"[1, 2, 3, 4, 5]",C8H30O2NSi2,1,1.0,0.2570702810105549
0,0.003,Leucine274,inst1,LEU,"[2, 3, 4, 5, 6]",C8H32ONSi2,1,1.0,0.3462330729786252
0,0.003,Isoleucine274,inst1,ILE,"[2, 3, 4, 5, 6]",C8H32ONSi2,1,1.0,0.24726370268816197
0,0.003,Methionine320,inst1,MET,"[2, 3, 4, 5]",C6H24NSiS,1,1.0,0.29511549948212834
0,0.003,Serine362,inst1,SER,"[2, 3]",C14H40O2NSi3,1,1.0,0.36623462275224333
0,0.003,Serine390,inst1,SER,"[1, 2, 3]",C14H40O3NSi3,1,1.0,0.318297108530385
0,0.003,Threonine376,inst1,THR,"[2, 3, 4]",C14H42O2NSi3,1,1.0,0.2621557677900162
0,0.003,Threonine404,inst1,THR,"[1, 2, 3, 4]",C14H42O3NSi3,1,1.0,0.24476386211649986
0,0.003,Phenylalanine302,inst1,PHE,"[1, 2]",C12H32O2NSi2,1,1.0,0.379298228058372
0,0.003,Phenylalanine308,inst1,PHE,"[2, 3, 4, 5, 6, 7, 8, 9]",C8H30ONSi2,1,1.0,0.23030464670690975
0,0.003,Phenylalanine336,inst1,PHE,"[1, 2, 3, 4, 5, 6, 7, 8, 9]",C8H30O2NSi2,1,1.0,0.22576699089467464
0,0.003,Asparticacid302,inst1,ASP,"[1, 2]",C12H32O2NSi2,1,1.0,0.373592048539752
0,0.003,Asparticacid390,inst1,ASP,"[2, 3, 4]",C14H40O3NSi3,1,1.0,0.2616029645905477
0,0.003,Asparticacid418,inst1,ASP,"[1, 2, 3, 4]",C14H40O4NSi3,1,1.0,0.24424773291883659
0,0.003,Glutamicacid330,inst1,GLU,"[2, 3, 4, 5]",C12H36O2NSi2,1,1.0,0.2706524736652664
0,0.003,Glutamicacid432,inst1,GLU,"[1, 2, 3, 4, 5]",C14H42O4NSi3,1,1.0,0.22511903581176432
0,0.003,Histidine338,inst1,HIS,"[2, 3, 4, 5, 6]",C12H36N3Si2,1,1.0,0.24535540185817462
0,0.003,Histidine440,inst1,HIS,"[1, 2, 3, 4, 5, 6]",C14H42O2N3Si3,1,1.0,0.21643488789152807
1,0.003,Alanine232,inst1,ALA,"[2, 3]",C8H26ONSi2,1,1.0,0.20573551040043836
1,0.003,Alanine260,inst1,ALA,"[1, 2, 3]",C8H26O2NSi2,1,1.0,0.1593151732266605
1,0.003,Glycine218,inst1,GLY,[2],C8H24ONSi2,1,1.0,0.15877266892326783
1,0.003,Glycine246,inst1,GLY,"[1, 2]",C8H24O2NSi2,1,1.0,0.16520156626064558
1,0.003,Valine260,inst1,VAL,"[2, 3, 4, 5]",C8H30ONSi2,1,1.0,0.13009001729486525
1,0.003,Valine288,inst1,VAL,"[1, 2, 3, 4, 5]",C8H30O2NSi2,1,1.0,0.11357785963713582
1,0.003,Leucine274,inst1,LEU,"[2, 3, 4, 5, 6]",C8H32ONSi2,1,1.0,0.2676519611120005
1,0.003,Isoleucine274,inst1,ILE,"[2, 3, 4, 5, 6]",C8H32ONSi2,1,1.0,0.11467015326044028
1,0.003,Methionine320,inst1,MET,"[2, 3, 4, 5]",C6H24NSiS,1,1.0,0.1604340124122779
1,0.003,Serine362,inst1,SER,"[2, 3]",C14H40O2NSi3,1,1.0,0.16694712722012586
1,0.003,Serine390,inst1,SER,"[1, 2, 3]",C14H40O3NSi3,1,1.0,0.17337367555067762
1,0.003,Threonine376,inst1,THR,"[2, 3, 4]",C14H42O2NSi3,1,1.0,0.20611411563069904
1,0.003,Threonine404,inst1,THR,"[1, 2, 3, 4]",C14H42O3NSi3,1,1.0,0.16965105926546642
1,0.003,Phenylalanine302,inst1,PHE,"[1, 2]",C12H32O2NSi2,1,1.0,0.20062638653850967
1,0.003,Phenylalanine308,inst1,PHE,"[2, 3, 4, 5, 6, 7, 8, 9]",C8H30ONSi2,1,1.0,0.08127409088372337
1,0.003,Phenylalanine336,inst1,PHE,"[1, 2, 3, 4, 5, 6, 7, 8, 9]",C8H30O2NSi2,1,1.0,0.07959935188900666
1,0.003,Asparticacid302,inst1,ASP,"[1, 2]",C12H32O2NSi2,1,1.0,0.21753118855611708
1,0.003,Asparticacid390,inst1,ASP,"[2, 3, 4]",C14H40O3NSi3,1,1.0,0.20569750388577812
1,0.003,Asparticacid418,inst1,ASP,"[1, 2, 3, 4]",C14H40O4NSi3,1,1.0,0.1693101412087289
1,0.003,Glutamicacid330,inst1,GLU,"[2, 3, 4, 5]",C12H36O2NSi2,1,1.0,0.14960449664312409
1,0.003,Glutamicacid432,inst1,GLU,"[1, 2, 3, 4, 5]",C14H42O4NSi3,1,1.0,0.12930160887803963
1,0.003,Histidine338,inst1,HIS,"[2, 3, 4, 5, 6]",C12H36N3Si2,1,1.0,0.1267094958963494
1,0.003,Histidine440,inst1,HIS,"[1, 2, 3, 4, 5, 6]",C14H42O2N3Si3,1,1.0,0.1252728129215535
2,0.003,Alanine232,inst1,ALA,"[2, 3]",C8H26ONSi2,1,1.0,0.32259186146278956
2,0.003,Alanine260,inst1,ALA,"[1, 2, 3]",C8H26O2NSi2,1,1.0,0.14301034425334058
2,0.003,Glycine246,inst1,GLY,"[1, 2]",C8H24O2NSi2,1,1.0,0.06928270435855031
2,0.003,Valine260,inst1,VAL,"[2, 3, 4, 5]",C8H30ONSi2,1,1.0,0.20961523854062414
2,0.003,Valine288,inst1,VAL,"[1, 2, 3, 4, 5]",C8H30O2NSi2,1,1.0,0.13890715501951892
2,0.003,Leucine274,inst1,LEU,"[2, 3, 4, 5, 6]",C8H32ONSi2,1,1.0,0.1298776747735938
2,0.003,Isoleucine274,inst1,ILE,"[2, 3, 4, 5, 6]",C8H32ONSi2,1,1.0,0.14742875002826197
2,0.003,Methionine320,inst1,MET,"[2, 3, 4, 5]",C6H24NSiS,1,1.0,0.20487311617196555
2,0.003,Serine362,inst1,SER,"[2, 3]",C14H40O2NSi3,1,1.0,0.31739810602616053
2,0.003,Serine390,inst1,SER,"[1, 2, 3]",C14H40O3NSi3,1,1.0,0.14369366370508993
2,0.003,Threonine376,inst1,THR,"[2, 3, 4]",C14H42O2NSi3,1,1.0,0.22397339603652044
2,0.003,Threonine404,inst1,THR,"[1, 2, 3, 4]",C14H42O3NSi3,1,1.0,0.1626806804501812
2,0.003,Phenylalanine302,inst1,PHE,"[1, 2]",C12H32O2NSi2,1,1.0,0.3115891941546465
2,0.003,Phenylalanine308,inst1,PHE,"[2, 3, 4, 5, 6, 7, 8, 9]",C8H30ONSi2,1,1.0,0.06423146793337801
2,0.003,Phenylalanine336,inst1,PHE,"[1, 2, 3, 4, 5, 6, 7, 8, 9]",C8H30O2NSi2,1,1.0,0.0514236865384265
2,0.003,Asparticacid302,inst1,ASP,"[1, 2]",C12H32O2NSi2,1,1.0,0.30288536354103013
2,0.003,Asparticacid390,inst1,ASP,"[2, 3, 4]",C14H40O3NSi3,1,1.0,0.22405022579043027
2,0.003,Asparticacid418,inst1,ASP,"[1, 2, 3, 4]",C14H40O4NSi3,1,1.0,0.16284876126775152
2,0.003,Glutamicacid330,inst1,GLU,"[2, 3, 4, 5]",C12H36O2NSi2,1,1.0,0.2007953293020951
2,0.003,Glutamicacid432,inst1,GLU,"[1, 2, 3, 4, 5]",C14H42O4NSi3,1,1.0,0.14821353062570736
2,0.003,Histidine338,inst1,HIS,"[2, 3, 4, 5, 6]",C12H36N3Si2,1,1.0,0.15267354048354617
2,0.003,Histidine440,inst1,HIS,"[1, 2, 3, 4, 5, 6]",C14H42O2N3Si3,1,1.0,0.11389795327978604
3,0.003,Alanine260,inst1,ALA,"[1, 2, 3]",C8H26O2NSi2,1,1.0,0.2661451494383724
3,0.003,Valine288,inst1,VAL,"[1, 2, 3, 4, 5]",C8H30O2NSi2,1,1.0,0.15539745952262
3,0.003,Leucine274,inst1,LEU,"[2, 3, 4, 5, 6]",C8H32ONSi2,1,1.0,0.1066677592338904
3,0.003,Isoleucine274,inst1,ILE,"[2, 3, 4, 5, 6]",C8H32ONSi2,1,1.0,0.17711472405739287
3,0.003,Methionine320,inst1,MET,"[2, 3, 4, 5]",C6H24NSiS,1,1.0,0.19920950841642587
3,0.003,Threonine404,inst1,THR,"[1, 2, 3, 4]",C14H42O3NSi3,1,1.0,0.1743102212174495
3,0.003,Phenylalanine308,inst1,PHE,"[2, 3, 4, 5, 6, 7, 8, 9]",C8H30ONSi2,1,1.0,0.06424914192795705
3,0.003,Phenylalanine336,inst1,PHE,"[1, 2, 3, 4, 5, 6, 7, 8, 9]",C8H30O2NSi2,1,1.0,0.05372569150796559
3,0.003,Asparticacid390,inst1,ASP,"[2, 3, 4]",C14H40O3NSi3,1,1.0,0.20549557527698137
3,0.003,Asparticacid418,inst1,ASP,"[1, 2, 3, 4]",C14H40O4NSi3,1,1.0,0.17429986961146043
3,0.003,Glutamicacid330,inst1,GLU,"[2, 3, 4, 5]",C12H36O2NSi2,1,1.0,0.17655798416797588
3,0.003,Glutamicacid432,inst1,GLU,"[1, 2, 3, 4, 5]",C14H42O4NSi3,1,1.0,0.1684664943445091
3,0.003,Histidine338,inst1,HIS,"[2, 3, 4, 5, 6]",C12H36N3Si2,1,1.0,0.16715486278948052
3,0.003,Histidine440,inst1,HIS,"[1, 2, 3, 4, 5, 6]",C14H42O2N3Si3,1,1.0,0.11438541438439334
4,0.003,Valine260,inst1,VAL,"[2, 3, 4, 5]",C8H30ONSi2,1,1.0,0.1717388979752365
4,0.003,Valine288,inst1,VAL,"[1, 2, 3, 4, 5]",C8H30O2NSi2,1,1.0,0.13820216065901392
4,0.003,Leucine274,inst1,LEU,"[2, 3, 4, 5, 6]",C8H32ONSi2,1,1.0,0.07844868097910374
4,0.003,Phenylalanine308,inst1,PHE,"[2, 3, 4, 5, 6, 7, 8, 9]",C8H30ONSi2,1,1.0,0.09347886983549693
4,0.003,Asparticacid418,inst1,ASP,"[1, 2, 3, 4]",C14H40O4NSi3,1,1.0,0.165134729371848
4,0.003,Glutamicacid330,inst1,GLU,"[2, 3, 4, 5]",C12H36O2NSi2,1,1.0,0.14842227826728507
4,0.003,Glutamicacid432,inst1,GLU,"[1, 2, 3, 4, 5]",C14H42O4NSi3,1,1.0,0.15849376141010962
4,0.003,Histidine338,inst1,HIS,"[2, 3, 4, 5, 6]",C12H36N3Si2,1,1.0,0.17085006157482538
5,0.003,Valine288,inst1,VAL,"[1, 2, 3, 4, 5]",C8H30O2NSi2,1,1.0,0.14946359728806546
5,0.003,Histidine338,inst1,HIS,"[2, 3, 4, 5, 6]",C12H36N3Si2,1,1.0,0.10054228002145708
0,0.003,CO2,inst1,CO2.ext,[1],O2,1,1.0,0.3466436995659406
1,0.003,CO2,inst1,CO2.ext,[1],O2,1,1.0,0.6487862451394282
0,0.003,Pyruvate,inst1,PYR,"[1, 2, 3]",H4O3,1,1.0,0.19603019733358085
1,0.003,Pyruvate,inst1,PYR,"[1, 2, 3]",H4O3,1,1.0,0.1519999258706604
2,0.003,Pyruvate,inst1,PYR,"[1, 2, 3]",H4O3,1,1.0,0.18465356717953132
3,0.003,Pyruvate,inst1,PYR,"[1, 2, 3]",H4O3,1,1.0,0.46252760061128867
0,0.003,Oxaloacetate,inst1,OAA,"[1, 2, 3, 4]",H4O5,1,1.0,0.06368410171091596
1,0.003,Oxaloacetate,inst1,OAA,"[1, 2, 3, 4]",H4O5,1,1.0,0.16938423163557537
2,0.003,Oxaloacetate,inst1,OAA,"[1, 2, 3, 4]",H4O5,1,1.0,0.20952660220400668
3,0.003,Oxaloacetate,inst1,OAA,"[1, 2, 3, 4]",H4O5,1,1.0,0.2790542140198023
4,0.003,Oxaloacetate,inst1,OAA,"[1, 2, 3, 4]",H4O5,1,1.0,0.27203066807677934
0,0.003,Alanine232,inst2,ALA,"[2, 3]",C8H26ONSi2,1,0.1,0.7460179230308922
0,0.003,Alanine260,inst2,ALA,"[1, 2, 3]",C8H26O2NSi2,1,0.1,0.7359908216552553
0,0.003,Glycine218,inst2,GLY,[2],C8H24ONSi2,1,0.1,9.119826864099402e-06
0,0.003,Glycine246,inst2,GLY,"[1, 2]",C8H24O2NSi2,1,0.1,8.999355544640792e-06
0,0.003,Valine260,inst2,VAL,"[2, 3, 4, 5]",C8H30ONSi2,1,0.1,0.7222320528674404
0,0.003,Valine288,inst2,VAL,"[1, 2, 3, 4, 5]",C8H30O2NSi2,1,0.1,0.7125380643292746
0,0.003,Leucine274,inst2,LEU,"[2, 3, 4, 5, 6]",C8H32ONSi2,1,0.1,0.7251670804596962
0,0.003,Isoleucine274,inst2,ILE,"[2, 3, 4, 5, 6]",C8H32ONSi2,1,0.1,0.7155841232266934
0,0.003,Methionine320,inst2,MET,"[2, 3, 4, 5]",C6H24NSiS,1,0.1,0.7720163073279174
0,0.003,Serine362,inst2,SER,"[2, 3]",C14H40O2NSi3,1,0.1,0.6395018049793643
0,0.003,Serine390,inst2,SER,"[1, 2, 3]",C14H40O3NSi3,1,0.1,0.6305305748780943
0,0.003,Threonine376,inst2,THR,"[2, 3, 4]",C14H42O2NSi3,1,0.1,0.6358917336752983
0,0.003,Threonine404,inst2,THR,"[1, 2, 3, 4]",C14H42O3NSi3,1,0.1,0.627284563374288
0,0.003,Phenylalanine302,inst2,PHE,"[1, 2]",C12H32O2NSi2,1,0.1,0.7155381131811794
0,0.003,Phenylalanine308,inst2,PHE,"[2, 3, 4, 5, 6, 7, 8, 9]",C8H30ONSi2,1,0.1,0.6939943756564529
0,0.003,Phenylalanine336,inst2,PHE,"[1, 2, 3, 4, 5, 6, 7, 8, 9]",C8H30O2NSi2,1,0.1,0.6846840200656358
0,0.003,Asparticacid302,inst2,ASP,"[1, 2]",C12H32O2NSi2,1,0.1,0.7157850888146686
0,0.003,Asparticacid390,inst2,ASP,"[2, 3, 4]",C14H40O3NSi3,1,0.1,0.6345508400994859
0,0.003,Asparticacid418,inst2,ASP,"[1, 2, 3, 4]",C14H40O4NSi3,1,0.1,0.6259618195852259
0,0.003,Glutamicacid330,inst2,GLU,"[2, 3, 4, 5]",C12H36O2NSi2,1,0.1,0.7019090561922281
0,0.003,Glutamicacid432,inst2,GLU,"[1, 2, 3, 4, 5]",C14H42O4NSi3,1,0.1,0.6226503110253941
0,0.003,Histidine338,inst2,HIS,"[2, 3, 4, 5, 6]",C12H36N3Si2,1,0.1,0.6707339684395344
0,0.003,Histidine440,inst2,HIS,"[1, 2, 3, 4, 5, 6]",C14H42O2N3Si3,1,0.1,0.5951944663293898
1,0.003,Alanine232,inst2,ALA,"[2, 3]",C8H26ONSi2,1,0.1,0.16674723248179665
1,0.003,Alanine260,inst2,ALA,"[1, 2, 3]",C8H26O2NSi2,1,0.1,0.17152412899610728
1,0.003,Glycine218,inst2,GLY,[2],C8H24ONSi2,1,0.1,0.77195262258801
1,0.003,Glycine246,inst2,GLY,"[1, 2]",C8H24O2NSi2,1,0.1,1.9730082623884354e-06
1,0.003,Valine260,inst2,VAL,"[2, 3, 4, 5]",C8H30ONSi2,1,0.1,0.17969469319651915
1,0.003,Valine288,inst2,VAL,"[1, 2, 3, 4, 5]",C8H30O2NSi2,1,0.1,0.18428158642862016
1,0.003,Leucine274,inst2,LEU,"[2, 3, 4, 5, 6]",C8H32ONSi2,1,0.1,0.18809038610012302
1,0.003,Isoleucine274,inst2,ILE,"[2, 3, 4, 5, 6]",C8H32ONSi2,1,0.1,0.18590767272349262
1,0.003,Methionine320,inst2,MET,"[2, 3, 4, 5]",C6H24NSiS,1,0.1,0.13914858472526903
1,0.003,Serine362,inst2,SER,"[2, 3]",C14H40O2NSi3,1,0.1,0.21760153309098135
1,0.003,Serine390,inst2,SER,"[1, 2, 3]",C14H40O3NSi3,1,0.1,0.22213430666518355
1,0.003,Threonine376,inst2,THR,"[2, 3, 4]",C14H42O2NSi3,1,0.1,0.22468680273328695
1,0.003,Threonine404,inst2,THR,"[1, 2, 3, 4]",C14H42O3NSi3,1,0.1,0.22856755624574338
1,0.003,Phenylalanine302,inst2,PHE,"[1, 2]",C12H32O2NSi2,1,0.1,0.19042566374074527
1,0.003,Phenylalanine308,inst2,PHE,"[2, 3, 4, 5, 6, 7, 8, 9]",C8H30ONSi2,1,0.1,0.202416815838638
1,0.003,Phenylalanine336,inst2,PHE,"[1, 2, 3, 4, 5, 6, 7, 8, 9]",C8H30O2NSi2,1,0.1,0.20732254115468238
1,0.003,Asparticacid302,inst2,ASP,"[1, 2]",C12H32O2NSi2,1,0.1,0.19055562760866276
1,0.003,Asparticacid390,inst2,ASP,"[2, 3, 4]",C14H40O3NSi3,1,0.1,0.22425671318922008
1,0.003,Asparticacid418,inst2,ASP,"[1, 2, 3, 4]",C14H40O4NSi3,1,0.1,0.22812869187293844
1,0.003,Glutamicacid330,inst2,GLU,"[2, 3, 4, 5]",C12H36O2NSi2,1,0.1,0.20219756847138987
1,0.003,Glutamicacid432,inst2,GLU,"[1, 2, 3, 4, 5]",C14H42O4NSi3,1,0.1,0.23270138756650452
1,0.003,Histidine338,inst2,HIS,"[2, 3, 4, 5, 6]",C12H36N3Si2,1,0.1,0.21547947696714567
1,0.003,Histidine440,inst2,HIS,"[1, 2, 3, 4, 5, 6]",C14H42O2N3Si3,1,0.1,0.2418785223371811
2,0.003,Alanine232,inst2,ALA,"[2, 3]",C8H26ONSi2,1,0.1,0.07375075454163983
2,0.003,Alanine260,inst2,ALA,"[1, 2, 3]",C8H26O2NSi2,1,0.1,0.0720523335569246
2,0.003,Glycine246,inst2,GLY,"[1, 2]",C8H24O2NSi2,1,0.1,0.7700834330483445
2,0.003,Valine260,inst2,VAL,"[2, 3, 4, 5]",C8H30ONSi2,1,0.1,0.07970336500358376
2,0.003,Valine288,inst2,VAL,"[1, 2, 3, 4, 5]",C8H30O2NSi2,1,0.1,0.07865544454491306
2,0.003,Leucine274,inst2,LEU,"[2, 3, 4, 5, 6]",C8H32ONSi2,1,0.1,0.07228644292470887
2,0.003,Isoleucine274,inst2,ILE,"[2, 3, 4, 5, 6]",C8H32ONSi2,1,0.1,0.0797226735246748
2,0.003,Methionine320,inst2,MET,"[2, 3, 4, 5]",C6H24NSiS,1,0.1,0.07544677211770955
2,0.003,Serine362,inst2,SER,"[2, 3]",C14H40O2NSi3,1,0.1,0.10956588765954982
2,0.003,Serine390,inst2,SER,"[1, 2, 3]",C14H40O3NSi3,1,0.1,0.10621407844695038
2,0.003,Threonine376,inst2,THR,"[2, 3, 4]",C14H42O2NSi3,1,0.1,0.10677200015769853
2,0.003,Threonine404,inst2,THR,"[1, 2, 3, 4]",C14H42O3NSi3,1,0.1,0.10696680001283068
2,0.003,Phenylalanine302,inst2,PHE,"[1, 2]",C12H32O2NSi2,1,0.1,0.07748725625805153
2,0.003,Phenylalanine308,inst2,PHE,"[2, 3, 4, 5, 6, 7, 8, 9]",C8H30ONSi2,1,0.1,0.08012859255588933
2,0.003,Phenylalanine336,inst2,PHE,"[1, 2, 3, 4, 5, 6, 7, 8, 9]",C8H30O2NSi2,1,0.1,0.08042561792461467
2,0.003,Asparticacid302,inst2,ASP,"[1, 2]",C12H32O2NSi2,1,0.1,0.07721116003519549
2,0.003,Asparticacid390,inst2,ASP,"[2, 3, 4]",C14H40O3NSi3,1,0.1,0.10785988907764553
2,0.003,Asparticacid418,inst2,ASP,"[1, 2, 3, 4]",C14H40O4NSi3,1,0.1,0.10803698116460042
2,0.003,Glutamicacid330,inst2,GLU,"[2, 3, 4, 5]",C12H36O2NSi2,1,0.1,0.07821939840451232
2,0.003,Glutamicacid432,inst2,GLU,"[1, 2, 3, 4, 5]",C14H42O4NSi3,1,0.1,0.10955944855340911
2,0.003,Histidine338,inst2,HIS,"[2, 3, 4, 5, 6]",C12H36N3Si2,1,0.1,0.08770350402624735
2,0.003,Histidine440,inst2,HIS,"[1, 2, 3, 4, 5, 6]",C14H42O2N3Si3,1,0.1,0.11411880643664397
3,0.003,Alanine260,inst2,ALA,"[1, 2, 3]",C8H26O2NSi2,1,0.1,0.01654230568565563
3,0.003,Valine288,inst2,VAL,"[1, 2, 3, 4, 5]",C8H30O2NSi2,1,0.1,0.01840229887565906
3,0.003,Leucine274,inst2,LEU,"[2, 3, 4, 5, 6]",C8H32ONSi2,1,0.1,0.012172059603287988
3,0.003,Isoleucine274,inst2,ILE,"[2, 3, 4, 5, 6]",C8H32ONSi2,1,0.1,0.014712858883358134
3,0.003,Methionine320,inst2,MET,"[2, 3, 4, 5]",C6H24NSiS,1,0.1,0.01073783541513524
3,0.003,Threonine404,inst2,THR,"[1, 2, 3, 4]",C14H42O3NSi3,1,0.1,0.028266140663325327
3,0.003,Phenylalanine308,inst2,PHE,"[2, 3, 4, 5, 6, 7, 8, 9]",C8H30ONSi2,1,0.1,0.017405066384957743
3,0.003,Phenylalanine336,inst2,PHE,"[1, 2, 3, 4, 5, 6, 7, 8, 9]",C8H30O2NSi2,1,0.1,0.02002783645938504
3,0.003,Asparticacid390,inst2,ASP,"[2, 3, 4]",C14H40O3NSi3,1,0.1,0.025724888445459997
3,0.003,Asparticacid418,inst2,ASP,"[1, 2, 3, 4]",C14H40O4NSi3,1,0.1,0.028679901401462177
3,0.003,Glutamicacid330,inst2,GLU,"[2, 3, 4, 5]",C12H36O2NSi2,1,0.1,0.014635678955156101
3,0.003,Glutamicacid432,inst2,GLU,"[1, 2, 3, 4, 5]",C14H42O4NSi3,1,0.1,0.027071623664519696
3,0.003,Histidine338,inst2,HIS,"[2, 3, 4, 5, 6]",C12H36N3Si2,1,0.1,0.019431699138558974
3,0.003,Histidine440,inst2,HIS,"[1, 2, 3, 4, 5, 6]",C14H42O2N3Si3,1,0.1,0.03387574808402102
4,0.003,Valine260,inst2,VAL,"[2, 3, 4, 5]",C8H30ONSi2,1,0.1,0.0035539077218548097
4,0.003,Valine288,inst2,VAL,"[1, 2, 3, 4, 5]",C8H30O2NSi2,1,0.1,0.0043248732398153845
4,0.003,Leucine274,inst2,LEU,"[2, 3, 4, 5, 6]",C8H32ONSi2,1,0.1,0.002040290099303349
4,0.003,Phenylalanine308,inst2,PHE,"[2, 3, 4, 5, 6, 7, 8, 9]",C8H30ONSi2,1,0.1,0.004279733514207923
4,0.003,Asparticacid418,inst2,ASP,"[1, 2, 3, 4]",C14H40O4NSi3,1,0.1,0.007330640504251582
4,0.003,Glutamicacid330,inst2,GLU,"[2, 3, 4, 5]",C12H36O2NSi2,1,0.1,0.0026624376210890193
4,0.003,Glutamicacid432,inst2,GLU,"[1, 2, 3, 4, 5]",C14H42O4NSi3,1,0.1,0.006635460600356597
4,0.003,Histidine338,inst2,HIS,"[2, 3, 4, 5, 6]",C12H36N3Si2,1,0.1,0.0053672655597977355
5,0.003,Valine288,inst2,VAL,"[1, 2, 3, 4, 5]",C8H30O2NSi2,1,0.1,0.001451356104776819
5,0.003,Histidine338,inst2,HIS,"[2, 3, 4, 5, 6]",C12H36N3Si2,1,0.1,0.001020669677874628
0,0.003,CO2,inst2,CO2.ext,[1],O2,1,0.1,0.905346628991921
1,0.003,CO2,inst2,CO2.ext,[1],O2,1,0.1,0.0905089599989826
0,0.003,Pyruvate,inst2,PYR,"[1, 2, 3]",H4O3,1,0.1,0.7116847918892871
1,0.003,Pyruvate,inst2,PYR,"[1, 2, 3]",H4O3,1,0.1,0.08750476150635839
2,0.003,Pyruvate,inst2,PYR,"[1, 2, 3]",H4O3,1,0.1,0.06930708118334408
3,0.003,Pyruvate,inst2,PYR,"[1, 2, 3]",H4O3,1,0.1,0.13006816754198364
0,0.003,Oxaloacetate,inst2,OAA,"[1, 2, 3, 4]",H4O5,1,0.1,0.7163460057141775
1,0.003,Oxaloacetate,inst2,OAA,"[1, 2, 3, 4]",H4O5,1,0.1,0.1227004435503775
2,0.003,Oxaloacetate,inst2,OAA,"[1, 2, 3, 4]",H4O5,1,0.1,0.07341201879337805
3,0.003,Oxaloacetate,inst2,OAA,"[1, 2, 3, 4]",H4O5,1,0.1,0.07793722558852119
4,0.003,Oxaloacetate,inst2,OAA,"[1, 2, 3, 4]",H4O5,1,0.1,0.008707310007083602
0,0.003,Alanine232,inst2,ALA,"[2, 3]",C8H26ONSi2,1,1.0,0.5156102517233799
0,0.003,Alanine260,inst2,ALA,"[1, 2, 3]",C8H26O2NSi2,1,1.0,0.48509013188608446
0,0.003,Glycine218,inst2,GLY,[2],C8H24ONSi2,1,1.0,4.508367231776523e-50
0,0.003,Glycine246,inst2,GLY,"[1, 2]",C8H24O2NSi2,1,1.0,4.448812488346674e-50
0,0.003,Valine260,inst2,VAL,"[2, 3, 4, 5]",C8H30ONSi2,1,1.0,0.37912177664718955
0,0.003,Valine288,inst2,VAL,"[1, 2, 3, 4, 5]",C8H30O2NSi2,1,1.0,0.36180344687742194
0,0.003,Leucine274,inst2,LEU,"[2, 3, 4, 5, 6]",C8H32ONSi2,1,1.0,0.45685392567988165
0,0.003,Isoleucine274,inst2,ILE,"[2, 3, 4, 5, 6]",C8H32ONSi2,1,1.0,0.3324830847530572
0,0.003,Methionine320,inst2,MET,"[2, 3, 4, 5]",C6H24NSiS,1,1.0,0.39632845947991263
0,0.003,Serine362,inst2,SER,"[2, 3]",C14H40O2NSi3,1,1.0,0.4543139153740946
0,0.003,Serine390,inst2,SER,"[1, 2, 3]",C14H40O3NSi3,1,1.0,0.4123778269217906
0,0.003,Threonine376,inst2,THR,"[2, 3, 4]",C14H42O2NSi3,1,1.0,0.3671155380406292
0,0.003,Threonine404,inst2,THR,"[1, 2, 3, 4]",C14H42O3NSi3,1,1.0,0.3389674433525775
0,0.003,Phenylalanine302,inst2,PHE,"[1, 2]",C12H32O2NSi2,1,1.0,0.5006577543325915
0,0.003,Phenylalanine308,inst2,PHE,"[2, 3, 4, 5, 6, 7, 8, 9]",C8H30ONSi2,1,1.0,0.301390953866578
0,0.003,Phenylalanine336,inst2,PHE,"[1, 2, 3, 4, 5, 6, 7, 8, 9]",C8H30O2NSi2,1,1.0,0.28889841905094304
0,0.003,Asparticacid302,inst2,ASP,"[1, 2]",C12H32O2NSi2,1,1.0,0.49520770771867234
0,0.003,Asparticacid390,inst2,ASP,"[2, 3, 4]",C14H40O3NSi3,1,1.0,0.36634140804259624
0,0.003,Asparticacid418,inst2,ASP,"[1, 2, 3, 4]",C14H40O4NSi3,1,1.0,0.338252668740595
0,0.003,Glutamicacid330,inst2,GLU,"[2, 3, 4, 5]",C12H36O2NSi2,1,1.0,0.3642066983466397
0,0.003,Glutamicacid432,inst2,GLU,"[1, 2, 3, 4, 5]",C14H42O4NSi3,1,1.0,0.29371934193741067
0,0.003,Histidine338,inst2,HIS,"[2, 3, 4, 5, 6]",C12H36N3Si2,1,1.0,0.3181194779655243
0,0.003,Histidine440,inst2,HIS,"[1, 2, 3, 4, 5, 6]",C14H42O2N3Si3,1,1.0,0.2793320652153285
1,0.003,Alanine232,inst2,ALA,"[2, 3]",C8H26ONSi2,1,1.0,0.230366031741156
1,0.003,Alanine260,inst2,ALA,"[1, 2, 3]",C8H26O2NSi2,1,1.0,0.20093546780812369
1,0.003,Glycine218,inst2,GLY,[2],C8H24ONSi2,1,1.0,0.7719599459057682
1,0.003,Glycine246,inst2,GLY,"[1, 2]",C8H24O2NSi2,1,1.0,9.753524853845741e-51
1,0.003,Valine260,inst2,VAL,"[2, 3, 4, 5]",C8H30ONSi2,1,1.0,0.21392729234628266
1,0.003,Valine288,inst2,VAL,"[1, 2, 3, 4, 5]",C8H30O2NSi2,1,1.0,0.1928147708766504
1,0.003,Leucine274,inst2,LEU,"[2, 3, 4, 5, 6]",C8H32ONSi2,1,1.0,0.26517395694974777
1,0.003,Isoleucine274,inst2,ILE,"[2, 3, 4, 5, 6]",C8H32ONSi2,1,1.0,0.2062033689973402
1,0.003,Methionine320,inst2,MET,"[2, 3, 4, 5]",C6H24NSiS,1,1.0,0.23677488246296075
1,0.003,Serine362,inst2,SER,"[2, 3]",C14H40O2NSi3,1,1.0,0.19517719195389815
1,0.003,Serine390,inst2,SER,"[1, 2, 3]",C14H40O3NSi3,1,1.0,0.20681859128050137
1,0.003,Threonine376,inst2,THR,"[2, 3, 4]",C14H42O2NSi3,1,1.0,0.26197156573331587
1,0.003,Threonine404,inst2,THR,"[1, 2, 3, 4]",C14H42O3NSi3,1,1.0,0.23832525863939533
1,0.003,Phenylalanine302,inst2,PHE,"[1, 2]",C12H32O2NSi2,1,1.0,0.22637097936858708
1,0.003,Phenylalanine308,inst2,PHE,"[2, 3, 4, 5, 6, 7, 8, 9]",C8H30ONSi2,1,1.0,0.16022250772162566
1,0.003,Phenylalanine336,inst2,PHE,"[1, 2, 3, 4, 5, 6, 7, 8, 9]",C8H30O2NSi2,1,1.0,0.1526074122100942
1,0.003,Asparticacid302,inst2,ASP,"[1, 2]",C12H32O2NSi2,1,1.0,0.242083879786393
1,0.003,Asparticacid390,inst2,ASP,"[2, 3, 4]",C14H40O3NSi3,1,1.0,0.2614443820446437
1,0.003,Asparticacid418,inst2,ASP,"[1, 2, 3, 4]",C14H40O4NSi3,1,1.0,0.2378460029374449
1,0.003,Glutamicacid330,inst2,GLU,"[2, 3, 4, 5]",C12H36O2NSi2,1,1.0,0.23256442713744313
1,0.003,Glutamicacid432,inst2,GLU,"[1, 2, 3, 4, 5]",C14H42O4NSi3,1,1.0,0.2158690858223372
1,0.003,Histidine338,inst2,HIS,"[2, 3, 4, 5, 6]",C12H36N3Si2,1,1.0,0.21624261866475947
1,0.003,Histidine440,inst2,HIS,"[1, 2, 3, 4, 5, 6]",C14H42O2N3Si3,1,1.0,0.20794651251595525
2,0.003,Alanine232,inst2,ALA,"[2, 3]",C8H26ONSi2,1,1.0,0.1969127084187533
2,0.003,Alanine260,inst2,ALA,"[1, 2, 3]",C8H26O2NSi2,1,1.0,0.13840506470202402
2,0.003,Glycine246,inst2,GLY,"[1, 2]",C8H24O2NSi2,1,1.0,0.7700918028366761
2,0.003,Valine260,inst2,VAL,"[2, 3, 4, 5]",C8H30ONSi2,1,1.0,0.22286431406715676
2,0.003,Valine288,inst2,VAL,"[1, 2, 3, 4, 5]",C8H30O2NSi2,1,1.0,0.1782624942935092
2,0.003,Leucine274,inst2,LEU,"[2, 3, 4, 5, 6]",C8H32ONSi2,1,1.0,0.14743434335875738
2,0.003,Isoleucine274,inst2,ILE,"[2, 3, 4, 5, 6]",C8H32ONSi2,1,1.0,0.207725606829023
2,0.003,Methionine320,inst2,MET,"[2, 3, 4, 5]",C6H24NSiS,1,1.0,0.2043162671578677
2,0.003,Serine362,inst2,SER,"[2, 3]",C14H40O2NSi3,1,1.0,0.24227191291894712
2,0.003,Serine390,inst2,SER,"[1, 2, 3]",C14H40O3NSi3,1,1.0,0.15199542250668502
2,0.003,Threonine376,inst2,THR,"[2, 3, 4]",C14H42O2NSi3,1,1.0,0.2120877707451207
2,0.003,Threonine404,inst2,THR,"[1, 2, 3, 4]",C14H42O3NSi3,1,1.0,0.18351924092494168
2,0.003,Phenylalanine302,inst2,PHE,"[1, 2]",C12H32O2NSi2,1,1.0,0.20479974504839837
2,0.003,Phenylalanine308,inst2,PHE,"[2, 3, 4, 5, 6, 7, 8, 9]",C8H30ONSi2,1,1.0,0.16166252427326575
2,0.003,Phenylalanine336,inst2,PHE,"[1, 2, 3, 4, 5, 6, 7, 8, 9]",C8H30O2NSi2,1,1.0,0.13296416201482766
2,0.003,Asparticacid302,inst2,ASP,"[1, 2]",C12H32O2NSi2,1,1.0,0.19681473613604195
2,0.003,Asparticacid390,inst2,ASP,"[2, 3, 4]",C14H40O3NSi3,1,1.0,0.21240768242279986
2,0.003,Asparticacid418,inst2,ASP,"[1, 2, 3, 4]",C14H40O4NSi3,1,1.0,0.1838403306456557
2,0.003,Glutamicacid330,inst2,GLU,"[2, 3, 4, 5]",C12H36O2NSi2,1,1.0,0.21496118175824286
2,0.003,Glutamicacid432,inst2,GLU,"[1, 2, 3, 4, 5]",C14H42O4NSi3,1,1.0,0.20910498216852275
2,0.003,Histidine338,inst2,HIS,"[2, 3, 4, 5, 6]",C12H36N3Si2,1,1.0,0.2057621386312623
2,0.003,Histidine440,inst2,HIS,"[1, 2, 3, 4, 5, 6]",C14H42O2N3Si3,1,1.0,0.17046810114900113
3,0.003,Alanine260,inst2,ALA,"[1, 2, 3]",C8H26O2NSi2,1,1.0,0.1341544131669766
3,0.003,Valine288,inst2,VAL,"[1, 2, 3, 4, 5]",C8H30O2NSi2,1,1.0,0.13530501616912866
3,0.003,Leucine274,inst2,LEU,"[2, 3, 4, 5, 6]",C8H32ONSi2,1,1.0,0.0780355498585002
3,0.003,Isoleucine274,inst2,ILE,"[2, 3, 4, 5, 6]",C8H32ONSi2,1,1.0,0.13902688909421365
3,0.003,Methionine320,inst2,MET,"[2, 3, 4, 5]",C6H24NSiS,1,1.0,0.11135333300481212
3,0.003,Threonine404,inst2,THR,"[1, 2, 3, 4]",C14H42O3NSi3,1,1.0,0.1342335413535602
3,0.003,Phenylalanine308,inst2,PHE,"[2, 3, 4, 5, 6, 7, 8, 9]",C8H30ONSi2,1,1.0,0.12448205227237633
3,0.003,Phenylalanine336,inst2,PHE,"[1, 2, 3, 4, 5, 6, 7, 8, 9]",C8H30O2NSi2,1,1.0,0.12739809691699264
3,0.003,Asparticacid390,inst2,ASP,"[2, 3, 4]",C14H40O3NSi3,1,1.0,0.1087545581066002
3,0.003,Asparticacid418,inst2,ASP,"[1, 2, 3, 4]",C14H40O4NSi3,1,1.0,0.13444920687974554
3,0.003,Glutamicacid330,inst2,GLU,"[2, 3, 4, 5]",C12H36O2NSi2,1,1.0,0.11443660349129424
3,0.003,Glutamicacid432,inst2,GLU,"[1, 2, 3, 4, 5]",C14H42O4NSi3,1,1.0,0.14581479231113242
3,0.003,Histidine338,inst2,HIS,"[2, 3, 4, 5, 6]",C12H36N3Si2,1,1.0,0.13038935441967492
3,0.003,Histidine440,inst2,HIS,"[1, 2, 3, 4, 5, 6]",C14H42O2N3Si3,1,1.0,0.13114232360411887
4,0.003,Valine260,inst2,VAL,"[2, 3, 4, 5]",C8H30ONSi2,1,1.0,0.05863831212440561
4,0.003,Valine288,inst2,VAL,"[1, 2, 3, 4, 5]",C8H30O2NSi2,1,1.0,0.07460460792001256
4,0.003,Leucine274,inst2,LEU,"[2, 3, 4, 5, 6]",C8H32ONSi2,1,1.0,0.03535548600353402
4,0.003,Phenylalanine308,inst2,PHE,"[2, 3, 4, 5, 6, 7, 8, 9]",C8H30ONSi2,1,1.0,0.10100405605683158
4,0.003,Asparticacid418,inst2,ASP,"[1, 2, 3, 4]",C14H40O4NSi3,1,1.0,0.07152196221748416
4,0.003,Glutamicacid330,inst2,GLU,"[2, 3, 4, 5]",C12H36O2NSi2,1,1.0,0.05527218810594815
4,0.003,Glutamicacid432,inst2,GLU,"[1, 2, 3, 4, 5]",C14H42O4NSi3,1,1.0,0.08378561798801817
4,0.003,Histidine338,inst2,HIS,"[2, 3, 4, 5, 6]",C12H36N3Si2,1,1.0,0.08283294756389699
5,0.003,Valine288,inst2,VAL,"[1, 2, 3, 4, 5]",C8H30O2NSi2,1,1.0,0.04372553631040105
5,0.003,Histidine338,inst2,HIS,"[2, 3, 4, 5, 6]",C12H36N3Si2,1,1.0,0.03478929537364209
0,0.003,CO2,inst2,CO2.ext,[1],O2,1,1.0,0.6405886073426496
1,0.003,CO2,inst2,CO2.ext,[1],O2,1,1.0,0.35506527742758665
0,0.003,Pyruvate,inst2,PYR,"[1, 2, 3]",H4O3,1,1.0,0.4453904583465218
1,0.003,Pyruvate,inst2,PYR,"[1, 2, 3]",H4O3,1,1.0,0.19320659013493052
2,0.003,Pyruvate,inst2,PYR,"[1, 2, 3]",H4O3,1,1.0,0.15365502434034967
3,0.003,Pyruvate,inst2,PYR,"[1, 2, 3]",H4O3,1,1.0,0.20519660711311347
0,0.003,Oxaloacetate,inst2,OAA,"[1, 2, 3, 4]",H4O5,1,1.0,0.2566849912335488
1,0.003,Oxaloacetate,inst2,OAA,"[1, 2, 3, 4]",H4O5,1,1.0,0.2780350123387078
2,0.003,Oxaloacetate,inst2,OAA,"[1, 2, 3, 4]",H4O5,1,1.0,0.21476600315321795
3,0.003,Oxaloacetate,inst2,OAA,"[1, 2, 3, 4]",H4O5,1,1.0,0.17752270876987505
4,0.003,Oxaloacetate,inst2,OAA,"[1, 2, 3, 4]",H4O5,1,1.0,0.07030610122579774
