Met;Frag;D-[1-13C]fructose;stdev_D-[1-13C]fructose;[1,2-13C]glycerol;stdev_[1,2-13C]glycerol;[1,2-13C]glycerolandCO2;stdev_[1,2-13C]glycerolandCO2
ALA;Alanine232;0.9759;0.0027;0.0495;0.0022;0.2128;0.0341
ALA;Alanine232;0.0230;0.0035;0.5002;0.0009;0.4596;0.0103
ALA;Alanine232;0.0011;0.0009;0.4504;0.0023;0.3275;0.0239
ALA;Alanine260;0.3509;0.0135;0.0221;0.0013;0.1996;0.0337
ALA;Alanine260;0.6407;0.0138;0.1317;0.0056;0.3592;0.0214
ALA;Alanine260;0.0078;0.0003;0.7290;0.0131;0.4174;0.0544
ALA;Alanine260;0.0006;0.0006;0.117145;0.0070;0.0238;0.0124
GL;Glycine218;0.9950;0.0021;0.1025;0.0052;0.3111;0.0365
GL;Glycine218;0.0049;0.0021;0.8974;0.0052;0.6889;0.0365
GL;Glycine246;0.9357;0.0068;0.0432;0.0025;0.3019;0.0322
GL;Glycine246;0.0638;0.0072;0.4732;0.0035;0.6202;0.0331
GL;Glycine246;0.0005;0.001;0.4835;0.0041;0.0778;0.0263
VAL;Valine260;0.9513;0.0058;0.0046;0.0001;0.0680;0.0141
VAL;Valine260;0.0436;0.0057;0.0488;0.0022;0.1824;0.0264
VAL;Valine260;0.0049;0.0005;0.2918;0.0021;0.3352;0.0050
VAL;Valine260;0;0.001;0.4519;0.0025;0.3045;0.0294
VAL;Valine260;0.00003;0.001;0.2029;0.0024;0.1097;0.0156
VAL;Valine288;0.3314;0.0117;0.0029;0.001;0.0652;0.0132
VAL;Valine288;0.6486;0.0148;0.0169;0.0011;0.1620;0.0281
VAL;Valine288;0.0194;0.0028;0.1079;0.0040;0.2968;0.0182
VAL;Valine288;0.0006;0.001;0.4304;0.0026;0.3150;0.0292
VAL;Valine288;0.00002;0.001;0.3897;0.0045;0.1526;0.0299
VAL;Valine288;0.00001;0.001;0.0521;0.0023;0.0083;0.0003
LEU;Leucine274;0.9364;0.0068;0.0022;0.0001;0.0467;0.0098
LEU;Leucine274;0.0620;0.0067;0.0248;0.0011;0.1282;0.0227
LEU;Leucine274;0.0013;0.0002;0.1678;0.0012;0.2652;0.0169
LEU;Leucine274;0.0002;0.001;0.3708;0.0010;0.3132;0.0143
LEU;Leucine274;0.00001;0.001;0.3302;0.0012;0.1966;0.0253
LEU;Leucine274;0;0.001;0.1041;0.0005;0.0501;0.0093
ILE;Isoleucine274;0.8210975;0.0120;0.0039;0.0001;0.0630;0.0123
ILE;Isoleucine274;0.1654325;0.0083;0.0279;0.0006;0.1669;0.0247
ILE;Isoleucine274;0.01305;0.0040;0.1532;0.0024;0.3057;0.0141
ILE;Isoleucine274;0.0003375;0.001;0.3613;0.0011;0.3023;0.0226
ILE;Isoleucine274;0;0.001;0.3435;0.0008;0.1426;0.0239
ILE;Isoleucine274;0;0.001;0.1103;0.0035;0.0194;0.0052
MET;Methionine320;0.7391;0.0183;0.0066;0.0002;0.1144;0.0203
MET;Methionine320;0.2339;0.0158;0.0418;0.0018;0.2522;0.0259
MET;Methionine320;0.0239;0.0044;0.2062;0.0012;0.3458;0.0147
MET;Methionine320;0.0029;0.001;0.3885;0.0032;0.2137;0.0306
MET;Methionine320;0;0.001;0.2921;0.0024;0.0634;0.0147
MET;Methionine320;0;0.001;0.0647;0.0032;0.0105;0.0009
SER;Serine362;0.9378;0.0109;0.0474;0.0027;0.2083;0.0329
SER;Serine362;0.0619;0.0105;0.4949;0.0019;0.4664;0.0091
SER;Serine362;0.0003;0.001;0.4577;0.0027;0.3252;0.0249
SER;Serine390;0.9064;0.0159;0.0217;0.0013;0.2044;0.0301
SER;Serine390;0.0789;0.0155;0.1540;0.0086;0.3962;0.0085
SER;Serine390;0.0146;0.0014;0.6809;0.0186;0.3813;0.0359
SER;Serine390;0;0.001;0.1434;0.0093;0.0180;0.0016
THR;Threonine376;0.8401;0.0089;0.0342;0.0017;0.1956;0.0318
THR;Threonine376;0.1544;0.0098;0.2322;0.0028;0.3937;0.0144
THR;Threonine376;0.0055;0.0016;0.4928;0.0048;0.3530;0.0287
THR;Threonine376;0;0.001;0.2407;0.0066;0.0576;0.0137
THR;Threonine404;0.7867;0.0107;0.0100;0.0003;0.1695;0.0243
THR;Threonine404;0.1954;0.0125;0.0777;0.0017;0.3279;0.0245
THR;Threonine404;0.0161;0.0056;0.3444;0.0029;0.3661;0.0266
THR;Threonine404;0.0017;0.001;0.4406;0.0048;0.1113;0.0236
THR;Threonine404;0;0.001;0.1272;0.0024;0.0250;0.0009
PHE;Phenylalanine302;0.9390;0.0068;0.0428;0.0011;0.2943;0.0338
PHE;Phenylalanine302;0.0590;0.0069;0.4737;0.004;0.6091;0.0236
PHE;Phenylalanine302;0.00195;0.008;0.4834;0.0038;0.0965;0.0242
PHE;Phenylalanine308;0.8456;0.0215;0.0029;0.0002;0.0279;0.0061
PHE;Phenylalanine308;0.1394;0.0191;0.0001;0.001;0.0491;0.0130
PHE;Phenylalanine308;0.0125;0.0037;0.0056;0.0005;0.1184;0.0245
PHE;Phenylalanine308;0.0022;0.0001;0.0405;0.0019;0.2083;0.0237
PHE;Phenylalanine308;0.0002;0.001;0.1772;0.0016;0.2584;0.0085
PHE;Phenylalanine308;0;0.001;0.3472;0.0015;0.2121;0.0303
PHE;Phenylalanine308;0;0.001;0.3098;0.0032;0.1038;0.0242
PHE;Phenylalanine308;0;0.001;0.1092;0.0009;0.0213;0.0066
PHE;Phenylalanine308;0;0.001;0.0073;0.0008;0.0004;0.001
PHE;Phenylalanine336;0.8209;0.0256;0.0004;0.001;0.0268;0.0062
PHE;Phenylalanine336;0.1435;0.0182;0;0.001;0.0480;0.0130
PHE;Phenylalanine336;0.0327;0.0082;0.0027;0.0003;0.1133;0.0233
PHE;Phenylalanine336;0.0028;0.001;0.0171;0.0017;0.1965;0.0244
PHE;Phenylalanine336;0;0.001;0.0821;0.0027;0.2459;0.0120
PHE;Phenylalanine336;0;0.001;0.2639;0.0026;0.2168;0.0282
PHE;Phenylalanine336;0;0.001;0.3745;0.0058;0.1202;0.0307
PHE;Phenylalanine336;0;0.001;0.2175;0.0025;0.0307;0.0099
PHE;Phenylalanine336;0;0.001;0.0396;0.0036;0.0015;0.0002
PHE;Phenylalanine336;0;0.001;0.0020;0.0004;0.0002;0.001
ASP;Asparticacid302;0.8938;0.0062;0.0879;0.002;0.3550;0.0410
ASP;Asparticacid302;0.0929;0.0029;0.4883;0.0007;0.5093;0.0131
ASP;Asparticacid302;0.0132;0.0035;0.4238;0.0021;0.1357;0.0307
ASP;Asparticacid390;0.8415;0.0102;0.0326;0.0008;0.1958;0.0287
ASP;Asparticacid390;0.1486;0.0085;0.2335;0.0029;0.3921;0.0086
ASP;Asparticacid390;0.0094;0.0017;0.4937;0.0021;0.3582;0.0218
ASP;Asparticacid390;0.0004;0.001;0.2401;0.0018;0.0539;0.0185
ASP;Asparticacid418;0.7777;0.0107;0.0130;0.0007;0.1767;0.0303
ASP;Asparticacid418;0.2021;0.0077;0.0827;0.0018;0.3209;0.0211
ASP;Asparticacid418;0.0189;0.0023;0.3460;0.0031;0.3703;0.0257
ASP;Asparticacid418;0.0011;0.001;0.4339;0.0033;0.1034;0.0311
ASP;Asparticacid418;0.0002;0.001;0.1243;0.0014;0.0286;0.0075
GLU;Glutamicacid330;0.9176;0.0118;0.0113;0.0003;0.0769;0.0149
GLU;Glutamicacid330;0.0784;0.0112;0.0865;0.0007;0.2009;0.0203
GLU;Glutamicacid330;0.0031;0.0006;0.3197;0.0015;0.3411;0.0046
GLU;Glutamicacid330;0.0008;0.001;0.4128;0.0016;0.2860;0.0248
GLU;Glutamicacid330;0.00005;0.001;0.1697;0.0005;0.0950;0.0112
GLU;Glutamicacid432;0.8192;0.0129;0.0037;0.0004;0.0644;0.0204
GLU;Glutamicacid432;0.1679;0.0102;0.0279;0.0003;0.1618;0.0302
GLU;Glutamicacid432;0.0125;0.0028;0.1568;0.0017;0.3047;0.0222
GLU;Glutamicacid432;0.0002;0.001;0.3639;0.0013;0.3044;0.0255
GLU;Glutamicacid432;0.0001;0.001;0.3418;0.0019;0.1451;0.0376
GLU;Glutamicacid432;0;0.001;0.1059;0.0013;0.0196;0.0011
HIS;Histidine338;0.4626;0.0091;0.0018;0.0001;0.0797;0.0183
HIS;Histidine338;0.4672;0.0173;0.0368;0.0030;0.2241;0.0347
HIS;Histidine338;0.0427;0.0119;0.1722;0.0042;0.3013;0.0174
HIS;Histidine338;0.0255;0.0030;0.3640;0.0047;0.2613;0.0420
HIS;Histidine338;0.0008;0.001;0.3136;0.0037;0.1017;0.0200
HIS;Histidine338;0.0009;;0.1114;0.0027;0.0319;0.0087
HIS;Histidine440;0.4600;0.0100;0.0016;0.0012;0.0634;0.0149
HIS;Histidine440;0.4884;0.0228;0.0137;0.0021;0.1595;0.0277
HIS;Histidine440;0.0432;0.0130;0.0754;0.0036;0.2636;0.0223
HIS;Histidine440;0.0082;0.0039;0.2825;0.0029;0.2882;0.0203
HIS;Histidine440;0;0.001;0.4047;0.0087;0.1752;0.0333
HIS;Histidine440;0;0.001;0.2061;0.0014;0.0473;0.0118
HIS;Histidine440;0;0.001;0.0158;0.0035;0.0027;0.0032